企業名,URL,result
アジアクエスト 株式会社,https://www.asia-quest.jp/,contact form not found
合同会社future jobs,http://future-jobs-tech.com/company,contact form not found
株式会社Rejoint,https://en-gage.net/rejoint/,contact page not found
HENNGE 株式会社,https://hennge.com/jp/,contact form not found
株式会社ハナ銀行,http://www.koex.jp/int/,contact page not found
株式会社WithGrit,http://withgrit.jp/,contact form not found
特許業務法人HARAKENZO WORLD PATENT & TRADEMARK,http://www.harakenzo.com/,contact page not found
株式会社Tbook,https://www.itbook-hd.co.jp/enterprise_information/,contact form not found
Mirise up株式会社,https://mirise-up.co.jp/,contact page not found
協同組合オートサービス・インターナショナル(ASIC),https://asic-ph.com/ja/,contact page not found
トレイダーズ証券株式会社,https://traderssec.com/,contact form not found
Y.W.C株式会社,https://www.ywc-inc.com/,contact form not found
LINE Fukuoka株式会社,https://linefukuoka.co.jp/ja/,contact form not found
ハイアット・グローバル・コンタクトセンター,https://about.hyatt.com/ja/contact.html,contact page not found
株式会社東銘商事,http://www.tomeishoji.co.jp/Corporate.html,contact form not found
IRIE JAPAN合同会社,https://irie-japan.com/,unexpected error
アクサス株式会社,https://www.axas-japan.co.jp/,contact form not found
アクシー株式会社,http://www.aexea.co.jp/,contact form not found
株式会社 Success Holders,https://success-holders.inc/,contact form not found
株式会社イースト・ブリッジ,https://www.eastbridge.co.jp/,unexpected error
株式会社 旅館王,https://recruit-ryokanou.com/,contact page not found
グーリィー株式会社,https://b2b-ch.infomart.co.jp/company/detail.page?IMCOMPANY=7311894,contact form not found
自然電力株式会社,https://shizendenryoku.jp/,contact page not found
ITカンファー株式会社,http://www.itcamphor.co.jp/,contact page not found
Hmlet Japan株式会社,https://homes.hmlet.com/ja/tokyo/coliving/,contact page not found
宮園特許事務所,https://www.miyazonopat.gr.jp/,contact page not found
株式会社NKT,https://www.nk-trading.co.jp/,contact form not found
ホテルラングウッド(日暮里ホテルマネジメント合同会社),https://mystays-recruit.net/jobfind-pc/job/All/6114,contact form not found
新居国際特許事務所,http://www.niipat.com/,contact form not found
株式会社東京金融取引所,https://www.tfx.co.jp/,contact form not found
データシステムサポート株式会社,http://www.dss-inc.co.jp/,contact form not found
株式会社A1,http://a1-t.co.jp/company/,contact form not found
株式会社エグゼクティブプロテクション,http://ex-pr.com/,contact form not found
株式会社シーピーブロッサム,https://cp-group.co.jp/cp-2020/,contact form not found
日本インターシステムズ 株式会社,http://www.nisz.co.jp/,contact form not found
インヴァスト証券株式会社,https://www.invast.jp/,contact form not found
日本オートマチックマシン株式会社,https://www.jam-net.co.jp/,contact form not found
ディーピーティー株式会社,https://www.dpt-inc.co.jp/,contact form not found
株式会社エルエスティ,https://www.lst.jp/outline/,contact form not found
株式会社FIKA,https://fika.tokyo/,contact form not found
有限会社モーリス,https://moris-japan.com/,contact form not found
有限会社NIRMAL-PREMCORPORATION,https://www.b-mall.ne.jp/CompanyDetail-LYbqCQbrIWhs.html,contact form not found
株式会社ちん里う本店,https://chinriu.co.jp/,contact page not found
株式会社東京クレジットサービス,https://www.tokyo-card.co.jp/,contact form not found
紀尾井坂テーミス綜合法律事務所,https://www.kioizaka-themis.com/,contact page not found
新栄不動産ビジネス株式会社,http://www.s-mt.co.jp/,contact form not found
電脳シューティング&パチスロバーSENGOKU193,http://www.sengoku.pro/,contact form not found
株式会社 J's Factory,https://www.jws.co.jp/,contact form not found
株式会社櫻茶ヤ,https://sakurajaya.jp/,contact page not found
日本コルマー株式会社,https://www.kolmar.co.jp/,contact form not found
ハウスコム株式会社,https://www.housecom.co.jp/,contact page not found
株式会社FATZ,http://www.fatz.co.jp/,contact form not found
First Advantage Japan株式会社,https://fadv.co.jp/,contact page not found
Keywords International Co.,https://www.keywordsstudios.com/,contact form not found
株式会社 大祐,http://www.san-f.co.jp/,contact form not found
株式会社ARUKI,https://hachikyo.com/company,contact page not found
Qxpress Corp.株式会社,https://www.qxpress.net/,contact form not found
"Kawakin Holdings Co., Ltd.",http://www.kawakinhd.co.jp/english/,contact form not found
株式会社BILLMONT,https://www.billmont.net/,contact page not found
ノルディックエージェンシーズ株式会社,https://map.goo.ne.jp/place/4ER4KHHS/,contact form not found
国際興産 株式会社 [HOTEL PLUMM],http://www.hotel-plumm.jp/about/,contact form not found
エイチ・エス証券株式会社,https://www.hs-sec.co.jp/,contact form not found
中村オートパーツ株式会社,https://www.nacparts.co.jp/,contact form not found
株式会社アール,https://www.r2020.com/,contact form not found
株式会社吉字屋穀店,http://www.kichijiya.com/,contact form not found
帝国倉庫運輸株式会社,http://www.minc.ne.jp/teikoku/,contact page not found
DOWAマネジメントサービス株式会社,https://www.dowa.co.jp/dms/,contact form not found
REMODELA株式会社,https://about.remodela.jp/,contact form not found
株式会社毎日メディアサービス,http://www.m-media.co.jp/,contact page not found
(株)ソラジマ,https://sorajima.jp/,contact page not found
SHINTEN,https://shinten-group.co.jp/,contact form not found
FPTジャパンホールディングス(株),https://www.fpt-software.jp/company-information/fpt-japan/,contact page not found
(株)No.0,https://number-zero.jp/about/,contact page not found
合同会社ウイング,https://www.fr-wing.co.jp/,contact form not found
株式会社Addictee Japan,https://addictee.jp/,contact form not found
株式会社BranchPoint,http://branch-point.co.jp/,contact form not found
株式会社 一閃,http://i-ssen.jp/%E4%BC%9A%E7%A4%BE%E6%A6%82%E8%A6%81/,contact form not found
アンダーズ株式会社,https://www.andaze.com/ja/,contact form not found
株式会社Assips,https://q-mate.jp/assips/48722779c4794d7eb582d52c7f902eac.html,contact page not found
株式会社ProVision,https://www.pro-vision.jp/,contact form not found
GicBest株式会社,http://gic-best.co.jp/,contact form not found
株式会社KOREKARA,https://corekara.co.jp/,contact form not found
Venus-Fighters-Provision,https://en-gage.net/project-venus7/work_2201166/,contact page not found
株式会社Bit peeps,https://bitpeeps.co.jp/,contact form not found
