企業名,URL
ALH株式会社,https://www.alhinc.jp/
Ascent Business Consulting,https://ascent-biz.com/
BUONO株式会社,https://buono-inc.jp/
Colorful株式会社,https://colorful-inc.jp/
CVCF株式会社,https://www.cvcf.co.jp/
cynapse株式会社,https://www.cynapse.xyz/
GROUND株式会社,https://groundinc.co.jp/
アクティブ・アイティ株式会社,https://active-it.co.jp/
アクレスコ株式会社,http://www.accresco.jp/
エクサ・システムプランニング株式会社,http://exainc.co.jp/
エヌアイシィ株式会社,http://nagatake.co.jp/nic/
エムエーハンドリング株式会社,https://www.mahandling.com/
コクー株式会社,https://cocoo.co.jp/
コムテック株式会社,https://www.ct-net.co.jp/
コラット株式会社,https://korat.co.jp/
ジェイシーテクノロジー株式会社,https://jctec.jp/
システムパック株式会社,https://www.system-pack.co.jp/
セントランス 株式会社,https://www.centrans.co.jp/
ソフトヒューベリオン株式会社,https://soft-hyperion.com/
テクバン株式会社,https://www.techvan.co.jp/
トーテックアメニティ株式会社,https://www.totec.jp/
パーソルテンプスタッフ株式会社,https://www.tempstaff.co.jp/
パーソルプロセス＆テクノロジー株式会社,https://www.persol-pt.co.jp/
ポートヘフナー株式会社,https://porthofner.co.jp/
ユニアデックス株式会社,https://www.uniadex.co.jp/
ルートリフ株式会社,https://rootriff.com/
ルネッサンスルパン株式会社,http://r-lupin.co.jp/
株式会社 NTTデータ,https://www.nttdata.com/jp/ja/
株式会社atelier-info,https://atl-info.co.jp/
株式会社Bties,https://bties.co.jp/
株式会社Crane＆I,https://crane-i.co.jp/
株式会社ECBOスクエア,http://www.ecbo-sq.com/
株式会社ESNA,https://www.esna.jp/
株式会社FAN・DREAM,https://fan-dream.co.jp/
株式会社IT働楽研究所,https://www.dorakuken.co.jp/
株式会社KCS,https://kcs-net.co.jp/
株式会社LainZ,https://lainz.jp/
株式会社mirate,https://www.mirate.co.jp/
株式会社NEXCOシステムズ,https://www.nexco-sys.co.jp/
株式会社RISING,http://rising-ne.jp/
株式会社SHIFT,https://www.shiftinc.jp/
株式会社T2Agency,http://t2agency330.jp/
株式会社ＶＳＮ,https://www.modis-vsn.jp/
株式会社Vコレクタリア,http://www.correctaria.jp/correctaria/src/index.html
株式会社Win-G,https://www.wing-net.co.jp/
株式会社アート・システム,http://www.art-sys.co.jp/
株式会社アイメックス,https://www.eco-imex.co.jp/
株式会社アウトソーシングテクノロジー,https://www.ostechnology.co.jp/
株式会社アンピール,http://www.anpiel.com/
株式会社イーヴンPLUS,https://www.even.co.jp/
株式会社インテリジブル,https://intelligible.work/
株式会社ヴィトーリア,https://vitoria.co.jp/
株式会社ウィルオブ・ワーク,https://willof-work.co.jp/
株式会社エイ・エス・シー,http://www.asc-net.co.jp/
株式会社エスアイイー,https://sie.co.jp/
株式会社エッグ,https://www.sky-egg.jp/
株式会社キズナ・ジャパン,https://www.kizuna-jpn.co.jp/
株式会社グッドワークス,https://www.good-works.co.jp/
株式会社クリエアナブキ,https://www.crie.co.jp/
株式会社グローバル・システムズ,https://www.globalsystems.co.jp/
株式会社コスメディア,https://www.cosmedia.co.jp/
株式会社サーベイジシステム,https://www.survage.jp/
株式会社ジィック,http://www.kkgic.co.jp/
株式会社システムランニング,http://www.sysrun.co.jp/
株式会社スタッフサービス,https://www.022022.net/
株式会社セイリング,https://www.sailing.ne.jp/
株式会社セラク,https://www.seraku.co.jp/
株式会社ソーシャルコミュニケーションズ,https://socialcom.co.jp/
株式会社ソフトセンター・コム,http://www.sccom.co.jp/
株式会社タスネット,https://www.tasnet.jp/
株式会社テクニカルアンサー,https://www.t-answer.jp/
株式会社テクノウォーカー,http://www.twalker.co.jp/
株式会社ネクステップ・ソリューションズ,https://www.nextep.jp/
株式会社ネクストワン,https://www.next-japan.co.jp/
株式会社ヒューメインシステム,http://www.humane-systems.co.jp/
株式会社フォー・ジェイ,http://www.four-j.com/
株式会社プリネッツ,http://www.prinetz.co.jp/
株式会社マンキャピタル,https://mancapi.com/
株式会社レグルカセ,https://www.reglecasse.co.jp/
株式会社豆蔵,https://www.mamezou.com/
東京ビルボード株式会社,http://www.tbcs.co.jp/
日本アンテナ株式会社,https://www.nippon-antenna.co.jp/ja/index.html
日本システム運用センター株式会社,https://www.nsu.co.jp/
方正株式会社,https://www.founder.co.jp/
（株）ＦＲＯＮＴＥＯ,http://www.fronteo.com
(株)Ｌａｂｏｒｏ．ＡＩ,https://laboro.ai/
（株）メイテックフィルダーズ,http://www.m-fielders.co.jp
ACALL株式会社,https://www.workstyleos.com/
AlpacaJapan Co.,Ltd.
auコマース＆ライフ株式会社,https://www.au-cl.co.jp/
BEMAC株式会社,https://www.bemac-jp.com/
BESE株式会社,https://binc.jp/
BUONO株式会社,https://buono-inc.jp/
Chatwork株式会社,https://corp.chatwork.com/ja/
Colorful株式会社,https://colorful-inc.jp/
CVCF株式会社,https://www.cvcf.co.jp/
cynapse株式会社,https://www.cynapse.xyz/
DATUM STUDIO株式会社,https://datumstudio.jp/
dely株式会社,https://dely.jp/
DiCE JAPAN株式会社,https://psy-cholo.com/about/
ＤＯＴワールド株式会社,https://www.crodot.jp/
Drizly,https://drizly.com/
EY新日本有限責任監査法人,https://www.shinnihon.or.jp/
Fabeee 株式会社,https://fabeee.co.jp/
Fixstars Corporation,http://www.fixstars.com/
FLYWHEEL Inc.,https://www.flywheel.jp/
ＦＯＸＨＯＵＮＤ株式会社,https://www.fox-hound.co.jp/home
freee株式会社,https://corp.freee.co.jp/
ＧＭＯインターネット株式会社,https://www.gmo.jp/
ＫＣＣＳキャリアテック株式会社,https://www.kcct.co.jp/
KPMG,https://home.kpmg/jp/ja/home/about/fas.html
KPMG FAS,https://home.kpmg/jp/ja/home/about/fas.html
LINE株式会社,https://linecorp.com/ja/
Luxoft,https://www.luxoft.com/
ＮＥＸＴ株式会社,https://nextkk.co.jp/
note株式会社,https://note.jp/
NTTレゾナント株式会社,https://www.nttr.co.jp/
ＰａｙＰａｙ株式会社,https://about.paypay.ne.jp/
Ｓａｎｓａｎ株式会社,https://jp.corp-sansan.com/
ＳＢＩホールディングス株式会社,https://www.sbigroup.co.jp/
Shift Technology,http://www.shift-technology.com/
SO Technologies 株式会社,https://www.so-tech.co.jp/service
Ｗｉｎテクノロジ株式会社,https://www.scskwin.com/
アイ・エフ・ディー株式会社,https://i-fromdata.co.jp/
アイアンドエルソフトウェア株式会社,https://www.iandl.co.jp/
アイレット株式会社,https://www.iret.co.jp/
アクティブ・アイティ株式会社,https://active-it.co.jp/
アルテミス株式会社,https://www.artemis-tech.jp/
イーピーエス株式会社,https://www.eps.co.jp/ja/service/index.html
インテージグループ,https://www.intageholdings.co.jp/
インフォコム（株）,http://www.infocom.co.jp
エクサ・システムプランニング株式会社,http://exainc.co.jp/
エクスチュア株式会社,https://www.ex-ture.com/
エッジテクノロジー株式会社,https://www.edge-tech.co.jp/
エデン株式会社,https://edengroup.co.jp/
エムエーハンドリング株式会社,https://www.mahandling.com/
エムスリーデジタルコミュニケーションズ株式会社,https://recruit.m3dc.co.jp/index.html
キャディ株式会社,https://corp.caddi.jp/
クラウドエース株式会社,https://cloud-ace.jp/
グローバルプレナーズ株式会社,https://globalpreneurs.jp/
コインチェック 株式会社,https://corporate.coincheck.com/
コニカミノルタ株式会社,https://www.konicaminolta.com/jp-ja/index.html
コラット株式会社,https://korat.co.jp/
サイジニア 株式会社,http://www.scigineer.co.jp/
ジェイ・ライン株式会社,https://www.j-line.co.jp/
ジェノプランジャパン株式会社,https://www.genoplan.com/jp/board/notice?seq=26&lng=ja
システムパック株式会社,https://www.system-pack.co.jp/
シミック株式会社,https://www.cmicgroup.com/
ジャパニアス 株式会社,https://jna.co.jp/
ジャパニアス株式会社,https://jna.co.jp/
シルバーエッグ・テクノロジー株式会社,https://www.silveregg.co.jp/
シルバーエッグ･テクノロジー㈱,https://www.silveregg.co.jp/
セーフィー株式会社,https://safie.link/
セカンドサイト株式会社,https://www.sxi.co.jp/#features
セカンドサイト株式会社,https://www.sxi.co.jp/
セントランス 株式会社,https://www.centrans.co.jp/
ソフトヒューベリオン株式会社,https://soft-hyperion.com/
ソフトブレーン株式会社,https://www.softbrain.co.jp/
ディップ株式会社,https://www.dip-net.co.jp/
データアナリティクスラボ株式会社,https://dalab.jp/
データブリッジ株式会社,http://data-bridge.co.jp/
トーテックアメニティ株式会社,https://www.totec.jp/
トランスコスモス 株式会社,https://www.trans-cosmos.co.jp/
ナレッジ・マーチャントワークス株式会社,https://kmw.jp/
ネクスト・ムーブ　株式会社,http://www.next-move.co.jp/
パラマウントベッド株式会社,https://www.paramount.co.jp/
ピクシーダストテクノロジーズ 株式会社,https://pixiedusttech.com/
ファンチーム株式会社,http://funteam.co/recruit/
フルカイテン株式会社,https://corp.full-kaiten.com/
ポートヘフナー株式会社,https://porthofner.co.jp/
メディアファイブ株式会社,http://www.media5.co.jp/
メビックス株式会社,https://www2.mebix.co.jp/
ヤフー株式会社,https://about.yahoo.co.jp/
ヤンセンファーマ株式会社,https://www.janssen.com/japan/
ユーニス株式会社,https://www.uniss.co.jp/#
ルートエフ・データム株式会社,https://www.rootf-datum.com/
ルネッサンスルパン株式会社,http://r-lupin.co.jp/
ワンダービジョンファクトリー株式会社,https://www.wvfactory.co.jp/
楽天グループ株式会社,https://corp.rakuten.co.jp/
楽天ペイメント株式会社,https://payment.rakuten.co.jp/
株式会社 BeatFit,https://beatfit.jp/
株式会社 feat,http://www.feat-inc.com/
株式会社 FLINTERS,https://www.flinters.co.jp/
株式会社 NTTデータ,https://www.nttdata.com/jp/ja/
株式会社 truestar,https://en-gage.net/truestar/
株式会社 エーオー,https://www.ao-premura.com/
株式会社 クレスティア,https://www.qrestia.com/
株式会社 コーボー・ホールディングス,https://www.cobohd.co.jp/
株式会社 ししまろ,https://shishimaro.co.jp/
株式会社 ゼロフィールド,https://zerofield.biz//
株式会社 ドミノ・ピザ ジャパン,https://www.dominos.jp/
株式会社 フリークアウト,https://www.fout.co.jp/
株式会社 ベルテックス,https://vertex-c.co.jp/
株式会社 メンバーズ メンバーズデータアドベンチャー,https://www.dataadventure.co.jp/
株式会社 リブセンス,https://www.livesense.co.jp/
株式会社 神戸デジタル・ラボ,https://www.kdl.co.jp/
株式会社10ANTZ,https://10antz.co.jp/
株式会社ACWEB,http://acweb.co.jp/
株式会社ALBERT,https://www.albert2005.co.jp/saiyo/
株式会社AMS,https://www.amsinc.co.jp/
株式会社AppBASE,http://www.appbase.co.jp/#!page1
株式会社ＡＲＩＳＥ　ａｎａｌｙｔｉｃｓ,https://www.ariseanalytics.com/
株式会社atelier-info,https://atl-info.co.jp/
株式会社Biz4m,http://www.biz4m.com/main?execution=e1s1
株式会社Bties,https://bties.co.jp/
株式会社BuzzSolu,https://www.buzzsolu.com/
株式会社CINC,https://www.cinc-j.co.jp/
株式会社Curious Vehicle,https://www.curicle.jp/
株式会社FAN・DREAM,https://fan-dream.co.jp/
株式会社FLINTERS,https://www.flinters.co.jp/
株式会社FREE BRAIN,https://www.free-brain.co.jp/
株式会社FRONTEO,https://www.fronteo.com/
株式会社GRI,https://gri.jp/
株式会社ipoca,https://ipoca.jp/
株式会社ＭＣデータプラス,https://www.mcdata.co.jp/
株式会社MICIN,https://micin.jp/
株式会社mirate,https://www.mirate.co.jp/
株式会社Mobility Technologies,https://mo-t.com/
株式会社MyLevel,https://www.mylevel.co.jp/
株式会社NEXCOシステムズ,https://www.nexco-sys.co.jp/
株式会社RISING,http://rising-ne.jp/
株式会社SHIFT,https://www.shiftinc.jp/
株式会社Voicy,https://corp.voicy.jp/
株式会社Win-G,https://www.wing-net.co.jp/
株式会社アークシステム,https://www.arksystems.co.jp/
株式会社アート・システム,http://www.art-sys.co.jp/
株式会社アールピーエム,https://www.rpmedical.co.jp/
株式会社アイティーナビゲート,https://itnavi.info/
株式会社アイティーブレーン,https://www.it-brn.com/
株式会社アイメックス,https://www.eco-imex.co.jp/
株式会社アイレップ,https://www.irep.co.jp/
株式会社アウスタ,https://www.austa.co.jp/
株式会社アウトソーシングテクノロジー,https://www.ostechnology.co.jp/
株式会社アスパークメディカル,https://www.aspark-medical.co.jp/
株式会社アドウェイズ,https://www.adways.net/
株式会社アペルザ,https://www.aperza.com/corp/
株式会社イーヴンPLUS,https://www.even.co.jp/
株式会社イーブ,https://www.eeb.co.jp/
株式会社イデアルアーキテクツ,https://ideal-architects.co.jp/
株式会社インテージヘルスケア,https://www.intage-healthcare.co.jp/
株式会社インテリジブル,https://intelligible.work/
株式会社インフロント,https://infrontinc.co.jp/
株式会社ヴィトーリア,https://vitoria.co.jp/
株式会社ウィルテック,https://www.willtec.jp/
株式会社エイ・エス・シー,http://www.asc-net.co.jp/
株式会社エクサウィザーズ/ExaWizards Inc.,https://exawizards.com/
株式会社エニグモ,https://enigmo.co.jp/
株式会社エバーグリーン,http://www.evg.co.jp/
株式会社エブリー,https://corp.every.tv/
株式会社オープンドア,https://www.opendoor.co.jp/
株式会社カカクコム,https://corporate.kakaku.com/
株式会社ギックス,https://www.gixo.jp/
株式会社クアドロジックス,http://www.quadlogics.co.jp/
株式会社グッドワークス,https://www.good-works.co.jp/
株式会社グラフ,https://gruff.co.jp/
株式会社クリエアナブキ,https://www.crie.co.jp/
株式会社グローバル・システムズ,https://www.globalsystems.co.jp/
株式会社クロス・マーケティンググループ,https://www.vlcank.com/mr/
株式会社コスメディア,https://www.cosmedia.co.jp/
株式会社コスモストーク,https://www.cosmostork.co.jp/
株式会社コナミデジタルエンタテインメント,https://www.konami.com/games/corporate/ja/
株式会社サイカ,https://xica.net/#1
株式会社ジィック,http://www.kkgic.co.jp/
株式会社ジール,https://www.zdh.co.jp/
株式会社ジェイエスピー,https://www.jspnet.co.jp/
株式会社システムサポート,https://www.sts-inc.co.jp/index.html
株式会社システムランニング,http://www.sysrun.co.jp/
株式会社シャルム,http://charm-corp.co.jp/
株式会社シンソフィア,http://www.syn-sophia.co.jp/
株式会社スカイウイル,https://www.skywill.jp/
株式会社スタッフサービス,https://www.022022.net/
株式会社ズットモ,https://zuttomo.jp/
株式会社セブントゥワン,http://www.seven-to-one.com/
株式会社センチュリー・システムズ,http://www.censys.co.jp/
株式会社ソーシャルコミュニケーションズ,https://socialcom.co.jp/
株式会社ソフトセンター・コム,http://www.sccom.co.jp/
株式会社ダイヤモンドファンタジー,https://diamond-f.co.jp/
株式会社ディー･エヌ･エー,https://dena.com/jp/
株式会社テイクス,https://www.takes.ne.jp/company/
株式会社データホライゾン,https://www.dhorizon.co.jp/
株式会社テクニカルアンサー,https://www.t-answer.jp/
株式会社テクノウォーカー,http://www.twalker.co.jp/
株式会社テクノプロ,https://www.technopro.com/
株式会社ドクターネット,https://dr-net.co.jp/
株式会社トップゲート,https://www.topgate.co.jp/
株式会社トランク,https://www.trunk-inc.com/
株式会社トランソニック,http://transsonic.co.jp/
株式会社ドリコム,https://drecom.co.jp/
株式会社ナウキャスト,https://nowcast.co.jp/
株式会社ネクステップ・ソリューションズ,https://www.nextep.jp/
株式会社バルテック,https://www.webjapan.co.jp/
株式会社バンダイナムコネクサス,https://bandainamco-nexus.co.jp/
株式会社ビザスク,https://visasq.co.jp/
株式会社ビックボイス,https://boisb.com/
株式会社ヒューメインシステム,http://www.humane-systems.co.jp/
株式会社ビヨンド・ザ・データ,https://beyondthedata.co.jp/
株式会社フィエルテ,https://www.fiertecorp.com/
株式会社フォトシンス,https://photosynth.co.jp/
株式会社プリネッツ,http://www.prinetz.co.jp/
株式会社プリンスソフト,http://prc-s.com/
株式会社ブレインパッド,https://www.brainpad.co.jp/
株式会社ホクシンシステム,https://hokusys.jp/
株式会社マンキャピタル,https://mancapi.com/
株式会社みなまち,https://minamachi.jp/
株式会社メイテック,https://www.meitec.co.jp/
株式会社メディサイエンスプラニング,https://www.mpi-cro.co.jp/
株式会社モンスターラボ,https://monstar-lab.com/jp/
株式会社リアシステム,https://www.riatec.co.jp/
株式会社リズネット,http://www.riz-net.jp/
株式会社リッジワークス,http://www.ridgeworks.co.jp/
株式会社ロッキング･オン･ホールディングス,https://www.rockinon.co.jp/
株式会社京進,https://www.kyoshin.co.jp/recruit/
株式会社光ソフトウェア,https://www.hikarisoftware.com/
株式会社三越伊勢丹システム・ソリューションズ,http://www.ims-sol.co.jp/
株式会社三光ビジネスソリューション,https://www.sankobs.com/
株式会社信興テクノミスト,https://www.shinko-1930.co.jp/
株式会社大塚商会,https://www.otsuka-shokai.co.jp/
株式会社第一情報システムズ,https://www.kkdis.co.jp/
株式会社暖（ダンテック）,http://dantecjp.com/
株式会社豆蔵,https://www.mamezou.com/
株式会社日本画像配信,https://j-id.co.jp/
株式会社分析屋,https://analytics-jp.com/
関西電力株式会社,https://www.kepco.co.jp/
中外製薬株式会社,https://www.chugai-pharm.co.jp/
東京ビルボード株式会社,http://www.tbcs.co.jp/
日本アンテナ株式会社,https://www.nippon-antenna.co.jp/ja/index.html
日本インターシステムズ株式会社,http://www.nisz.co.jp/
日本エクセム株式会社,https://www.ex-em.co.jp/
日本エヌ・ユー・エス株式会社,http://www.janus.co.jp/
日本システム運用センター株式会社,https://www.nsu.co.jp/
日本電気硝子株式会社,https://www.neg.co.jp/
富士ソフト株式会社,https://www.fsi.co.jp/
方正株式会社,https://www.founder.co.jp/
有）シンクリッジ,http://www.thinkridge.com/modules/tinyd2/content/index.php?id=1
澪標アナリティクス株式会社,https://mioana.com/
(株)Ｌａｂｏｒｏ．ＡＩ,https://laboro.ai/
auコマース＆ライフ株式会社,https://www.au-cl.co.jp/
BEMAC株式会社,https://www.bemac-jp.com/
Chatwork株式会社,https://corp.chatwork.com/ja/
DATUM STUDIO株式会社,https://datumstudio.jp/
dely株式会社,https://dely.jp/
ＤＯＴワールド株式会社,https://www.crodot.jp/
EY新日本有限責任監査法人,https://www.shinnihon.or.jp/
Fabeee 株式会社,https://fabeee.co.jp/
freee株式会社,https://corp.freee.co.jp/
ＧＭＯインターネット株式会社,https://www.gmo.jp/
ＫＣＣＳキャリアテック株式会社,https://www.kcct.co.jp/
KPMG,https://home.kpmg/jp/ja/home/about/fas.html
LINE株式会社,https://linecorp.com/ja/
note株式会社,https://note.jp/
NTTレゾナント株式会社,https://www.nttr.co.jp/
ＰａｙＰａｙ株式会社,https://about.paypay.ne.jp/
Ｓａｎｓａｎ株式会社,https://jp.corp-sansan.com/
ＳＢＩホールディングス株式会社,https://www.sbigroup.co.jp/
SO Technologies 株式会社,https://www.so-tech.co.jp/service
Ｗｉｎテクノロジ株式会社,https://www.scskwin.com/
アイ・エフ・ディー株式会社,https://i-fromdata.co.jp/
アイレット株式会社,https://www.iret.co.jp/
アルテミス株式会社,https://www.artemis-tech.jp/
イーピーエス株式会社,https://www.eps.co.jp/ja/service/index.html
インテージグループ,https://www.intageholdings.co.jp/
エクスチュア株式会社,https://www.ex-ture.com/
エッジテクノロジー株式会社,https://www.edge-tech.co.jp/
エムスリーデジタルコミュニケーションズ株式会社,https://recruit.m3dc.co.jp/index.html
キャディ株式会社,https://corp.caddi.jp/
クラウドエース株式会社,https://cloud-ace.jp/
グローバルプレナーズ株式会社,https://globalpreneurs.jp/
コインチェック 株式会社,https://corporate.coincheck.com/
コニカミノルタ株式会社,https://www.konicaminolta.com/jp-ja/index.html
サイジニア 株式会社,http://www.scigineer.co.jp/
ジェノプランジャパン株式会社,https://www.genoplan.com/jp/board/notice?seq=26&lng=ja
シミック株式会社,https://www.cmicgroup.com/
ジャパニアス 株式会社,https://jna.co.jp/
シルバーエッグ･テクノロジー㈱,https://www.silveregg.co.jp/
セーフィー株式会社,https://safie.link/
セカンドサイト株式会社,https://www.sxi.co.jp/#features
ソフトブレーン株式会社,https://www.softbrain.co.jp/
ディップ株式会社,https://www.dip-net.co.jp/
データアナリティクスラボ株式会社,https://dalab.jp/
データブリッジ株式会社,http://data-bridge.co.jp/
トランスコスモス 株式会社,https://www.trans-cosmos.co.jp/
ナレッジ・マーチャントワークス株式会社,https://kmw.jp/
ネクスト・ムーブ　株式会社,http://www.next-move.co.jp/
パラマウントベッド株式会社,https://www.paramount.co.jp/
ピクシーダストテクノロジーズ 株式会社,https://pixiedusttech.com/
フルカイテン株式会社,https://corp.full-kaiten.com/
メビックス株式会社,https://www2.mebix.co.jp/
ヤフー株式会社,https://about.yahoo.co.jp/
ヤンセンファーマ株式会社,https://www.janssen.com/japan/
ユーニス株式会社,https://www.uniss.co.jp/#
楽天グループ株式会社,https://corp.rakuten.co.jp/
楽天ペイメント株式会社,https://payment.rakuten.co.jp/
株式会社 BeatFit,https://beatfit.jp/
株式会社 feat,http://www.feat-inc.com/
株式会社 FLINTERS,https://www.flinters.co.jp/
株式会社 truestar,https://en-gage.net/truestar/
株式会社 クレスティア,https://www.qrestia.com/
株式会社 コーボー・ホールディングス,https://www.cobohd.co.jp/
株式会社 ししまろ,https://shishimaro.co.jp/
株式会社 ゼロフィールド,https://zerofield.biz//
株式会社 フリークアウト,https://www.fout.co.jp/
株式会社 メンバーズ メンバーズデータアドベンチャー,https://www.dataadventure.co.jp/
株式会社 リブセンス,https://www.livesense.co.jp/
株式会社 神戸デジタル・ラボ,https://www.kdl.co.jp/
株式会社10ANTZ,https://10antz.co.jp/
株式会社ACWEB,http://acweb.co.jp/
株式会社ALBERT,https://www.albert2005.co.jp/saiyo/
株式会社ＡＲＩＳＥ　ａｎａｌｙｔｉｃｓ,https://www.ariseanalytics.com/
株式会社CINC,https://www.cinc-j.co.jp/
株式会社Curious Vehicle,https://www.curicle.jp/
株式会社FREE BRAIN,https://www.free-brain.co.jp/
株式会社FRONTEO,https://www.fronteo.com/
株式会社GRI,https://gri.jp/
株式会社ＭＣデータプラス,https://www.mcdata.co.jp/
株式会社MICIN,https://micin.jp/
株式会社Mobility Technologies,https://mo-t.com/
株式会社MyLevel,https://www.mylevel.co.jp/
株式会社Voicy,https://corp.voicy.jp/
株式会社アールピーエム,https://www.rpmedical.co.jp/
株式会社アイティーナビゲート,https://itnavi.info/
株式会社アイレップ,https://www.irep.co.jp/
株式会社アスパークメディカル,https://www.aspark-medical.co.jp/
株式会社アドウェイズ,https://www.adways.net/
株式会社アペルザ,https://www.aperza.com/corp/
株式会社イデアルアーキテクツ,https://ideal-architects.co.jp/
株式会社インテージヘルスケア,https://www.intage-healthcare.co.jp/
株式会社インフロント,https://infrontinc.co.jp/
株式会社エニグモ,https://enigmo.co.jp/
株式会社オープンドア,https://www.opendoor.co.jp/
株式会社カカクコム,https://corporate.kakaku.com/
株式会社ギックス,https://www.gixo.jp/
株式会社グラフ,https://gruff.co.jp/
株式会社クロス・マーケティンググループ,https://www.vlcank.com/mr/
株式会社サイカ,https://xica.net/#1
株式会社ジール,https://www.zdh.co.jp/
株式会社ジェイエスピー,https://www.jspnet.co.jp/
株式会社システムサポート,https://www.sts-inc.co.jp/index.html
株式会社スカイウイル,https://www.skywill.jp/
株式会社ズットモ,https://zuttomo.jp/
株式会社セブントゥワン,http://www.seven-to-one.com/
株式会社ダイヤモンドファンタジー,https://diamond-f.co.jp/
株式会社ディー･エヌ･エー,https://dena.com/jp/
株式会社テイクス,https://www.takes.ne.jp/company/
株式会社データホライゾン,https://www.dhorizon.co.jp/
株式会社ドクターネット,https://dr-net.co.jp/
株式会社トップゲート,https://www.topgate.co.jp/
株式会社ドリコム,https://drecom.co.jp/
株式会社ナウキャスト,https://nowcast.co.jp/
株式会社バンダイナムコネクサス,https://bandainamco-nexus.co.jp/
株式会社ビザスク,https://visasq.co.jp/
株式会社ビックボイス,https://boisb.com/
株式会社ビヨンド・ザ・データ,https://beyondthedata.co.jp/
株式会社フィエルテ,https://www.fiertecorp.com/
株式会社フォトシンス,https://photosynth.co.jp/
株式会社ブレインパッド,https://www.brainpad.co.jp/
株式会社メディサイエンスプラニング,https://www.mpi-cro.co.jp/
株式会社モンスターラボ,https://monstar-lab.com/jp/
株式会社ロッキング･オン･ホールディングス,https://www.rockinon.co.jp/
株式会社京進,https://www.kyoshin.co.jp/recruit/
株式会社三越伊勢丹システム・ソリューションズ,http://www.ims-sol.co.jp/
株式会社信興テクノミスト,https://www.shinko-1930.co.jp/
株式会社大塚商会,https://www.otsuka-shokai.co.jp/
株式会社分析屋,https://analytics-jp.com/
関西電力株式会社,https://www.kepco.co.jp/
中外製薬株式会社,https://www.chugai-pharm.co.jp/
日本エクセム株式会社,https://www.ex-em.co.jp/
日本エヌ・ユー・エス株式会社,http://www.janus.co.jp/
日本電気硝子株式会社,https://www.neg.co.jp/
富士ソフト株式会社,https://www.fsi.co.jp/
澪標アナリティクス株式会社,https://mioana.com/
日本インターシステムズ 株式会社,http://www.nisz.co.jp/
beepnow systems株式会社,https://beepnowsys.com/
株式会社 Infodeliver,https://www.infodeliver.com/
株式会社 PLUS1west,http://www.plus1west.jp/
株式会社アイティープラス,https://it-plus.jp/company.php
株式会社AVILEN,https://avilen.co.jp/
かっこ株式会社,https://cacco.co.jp/
オルターボ 株式会社,https://alterbo.jp/
アップ・スウェル株式会社,https://upswell.jp/
株式会社インテクア,https://www.intequa.jp/campanyinfo.html
株式会社アクトプロブレインズ,https://www.ap-brains.com/
PayPay株式会社,https://paypay.ne.jp/
エクスコムグローバル 株式会社,https://www.xcomglobal.co.jp/
ゼニマックス･アジア株式会社,https://www.tangogameworks.com/company
プレイネクストラボ 株式会社,https://www.playnext-lab.co.jp/
株式会社システムシェアード,https://www.3sss.co.jp/
株式会社パラダイムシフト,https://paradigm-shift.co.jp/about
株式会社 エーアイスクエア,https://www.ai2-jp.com/
株式会社Grune,https://grune.co.jp/
株式会社第一コンピューター,https://www.kdc-shibuya.co.jp/
株式会社デジタルワレット,https://www.digitalwallet.co.jp/
シソーラス 株式会社,https://www.thesaurus.co.jp/
株式会社トリトンシステム,https://triton-sys.co.jp/
株式会社 こだわり,https://kodawari-japan.co.jp/
株式会社ブランチ,http://www.p-branch.co.jp/
株式会社 コマースロボティクス,https://commerce-robotics.com/
株式会社セブン銀行,https://www.sevenbank.co.jp/corp/company/outline.html
株式会社 CLOCK・ON,http://clock-on.co.jp/
株式会社 dotD,https://dotd-inc.com/ja/
株式会社 ライズテック,https://www.risetec.co.jp/
株式会社 マーズフラッグ,https://www.marsflag.com/ja/
株式会社 インフォメーションクリエーティブ,https://www.ic-net.co.jp/
株式会社Megalis,http://www.megalith.jp/
株式会社エヌ・ティ・ティ・データ,https://www.nttdata.com/
ベース株式会社,https://www.basenet.co.jp/
株式会社日本凌佳システム,http://www.ryouka-n.co.jp/
レバレジーズ 株式会社,https://leverages.jp/
ビズメイツ 株式会社,https://www.bizmates.co.jp/
株式会社テクノロジーブースター,https://baseconnect.in/companies/3656b586-a3e0-4950-a45e-4f6b56557f3b
ピナクルズ 株式会社,https://pinnacles.tech/
株式会社ビーコス,http://www.b-cause.co.jp/
株式会社J.C.O.S,https://jcos.jp/
GC株式会社,https://www.grandchallenge.co.jp/
GROUND株式会社,https://recruit.jobcan.jp/groundinc
株式会社ウィズ,http://www.hello-with.com/
イデアルアーキテクツ,https://ideal-architects.co.jp/
株式会社 ADインタラクティブ,http://www.adi.dgic.co.jp/index.html
株式会社フリージア,https://freegier.co.jp/
株式会社ZMP,https://www.zmp.co.jp/
Procter & Gamble,https://us.pg.com/
gooMet合同会社,https://goomets.com/
ジェイエムエス・ユナイテッド株式会社,https://www.jms-united.co.jp/
株式会社coly,https://colyinc.com/
株式会社 岡部新電元,https://osd.shindengen.co.jp/
アカリエヘルスケアカンパニー株式会社,https://akarie.co.jp/
株式会社 エイジェックスコミュニケーションズ,https://www.agex.co.jp/
株式会社ヘルスベイシス,https://h-basis.co.jp/
株式会社アパートナー,http://www.apartner.co.jp/
株式会社 ステップクラウド,http://www.stepxcloud.com/
株式会社御幸システム,https://www.myksys.com/
株式会社BIZAZ,http://bizaz.co.jp/
株式会社ジーゼ,https://www.gzeal.co.jp/
株式会社大同ソフト,http://www.daidosoft.co.jp/
DXHR 株式会社,https://dxhr.inc/
株式会社プロフェース・システムズ,https://www.proface-sys.com/
株式会社プライム1スタジオ,https://www.prime1studio.co.jp/about-prime1studio
株式会社Vエスティーエー,https://sta-g.jp/company/vsta/
株式会社PEーBANK,https://pe-bank.co.jp/
株式会社アルス,https://www.arsnv.co.jp/company/overview.html
株式会社アイ・エス・ビー,https://www.isb.co.jp/
株式会社トプコン,https://www.topcon.co.jp/
株式会社エスラボ,https://slabcorp.co.jp/
スターティアラボ株式会社,https://www.startialab.co.jp/
株式会社ピーエスシー,https://www.psc-inc.co.jp/
株式会社ハイシンクジャパン,https://www.jhcc.co.jp/
株式会社システムアイ,https://systemi.co.jp/
株式会社ライズテック,https://rizteq.net/
株式会社 ドリームアカデミー,https://www.da-edu.com/
株式会社リステック,https://www.re-stec.co.jp/
株式会社AOIソリューション,http://www.aoi-sol.co.jp/
株式会社スキルコネクト,https://www.skill-c.co.jp/
株式会社リガーレジャパン,https://www.rigarejapan.co.jp/
インフォシー株式会社,https://www.infosea.co.jp/
株式会社データサービス,https://www.data-service.jp/
株式会社ベリカ,http://belica.co.jp/
ナレッジ・エッジ株式会社,https://www.knowledge-edge.co.jp/company/
株式会社オープントーン,https://www.opentone.co.jp/
セルプロモート株式会社,https://cellpromote.biz/
太平洋株式会社,https://www.pacific-ind.co.jp/
株式会社Def tribe,https://www.e-deftribe.com/
株式会社フューチャーインフィニティ,https://www.fuin.co.jp/
株式会社KIDA,http://www.kida1931.com/company/index.html
株式会社コンビーズ,https://www.combz.jp/
システムスクエア株式会社,https://www.systemsquare.co.jp/
K2パートナーリングソリューションズ株式会社,https://k2partnering.jp/
株式会社エーティーエス,https://www.ats-jp.com/
株式会社サンライズワークス,https://sunriseworks.co.jp/company/
株式会社ブリスウェル,https://www.briswell.com/
株式会社リプロス,https://www.repros.co.jp/
テラボックス株式会社,https://terabox.jp/
シーデーピージャパン株式会社,https://www.cdpjp.com/
株式会社アピリオ,https://appirio.jp/
NEIGHBORS Co., Ltd
GLナビゲーション株式会社,https://www.gl-navi.co.jp/
株式会社ワールドクラフト,https://www.worldcraft.co.jp/
株式会社ハイウェル,https://www.hiwell.co.jp/
アクサス株式会社,https://www.axas-japan.co.jp/
合同会社DMM.com,https://dmm-corp.com/
株式会社ASW,https://a-sw.jp/
株式会社ジュエルキャリア,https://jewelcareer.co.jp/
ポート株式会社,https://www.theport.jp/
株式会社A1テック,https://www.a1tech.co.jp/
ナビオコンピュータ株式会社,https://www.navio.co.jp/
SETソフトウェア株式会社,https://www.setsw.co.jp/
シンプレクス・ホールディングス株式会社,https://www.simplex.holdings/
バルテス株式会社,https://www.valtes.co.jp/
株式会社セコマ,https://secoma.co.jp/
エムスリーデジタルコミュニケーションズ株式会社,https://www.m3dc.co.jp/
株式会社 コウェル,https://www.co-well.jp/
上海岡三華大計算機系統有限公司,https://ohs-tokyo.co.jp/
株式会社Freewill,https://www.free-will.co/
株式会社ホープラン東京,http://www.hoperun-tokyo.com/
株式会社博報堂,https://www.hakuhodo.co.jp/
株式会社インタークリエイティヴ,http://www.inter-creative.co.jp/
株式会社BTM,http://www.b-tm.co.jp/
株式会社GDIコミュニケーションズ,https://www.gdicommunications.com/
JXアイティソリューション株式会社,https://www.it.eneos.co.jp/
nmsエンジニアリング株式会社,http://eng.n-ms.co.jp/
株式会社エスユーエス,https://www.sus-g.co.jp/
株式会社夢職人,https://www.yumeshokunin.jp/
株式会社トライエース,https://www.tri-ace.co.jp/
株式会社AVAD,https://www.avad.co.jp/
SSK CAREER CENTER,https://ssk-careercenter.jp/
GEL研究所株式会社,http://www.gel-lib.com/
株式会社FBS,https://www.f-b-s.jp/
ユームズ・フロンティア,https://yumesfrontier.com/company.html
テックスエンジソリューションズ株式会社,https://www.tex-sol.com/
株式会社金沢エンジニアリングシステムズ,https://kanazawa-es.co.jp/
合同会社シグマソフト,https://sgm-sft.com/
株式会社ファーストグループ,https://firstgroup.jp/
株式会社DUE,https://www.e-due.jp/
六元素情報システム株式会社,https://www.rgsis.com/
WAmazing株式会社,https://hrmos.co/pages/wamazing
株式会社ベスト・コム,http://www.best-com.jp/company.html
ミツキンシステム株式会社,https://www.mizkin.co.jp/
株式会社GIG,https://giginc.co.jp/
株式会社エイチアイ,https://www.hicorp.co.jp/
アズールテスト株式会社,http://azurtest.net/
株式会社ZIQCOM,http://www.ziqcom.co.jp/
日本エクセム株式会社,https://www.ex-em.co.jp/
株式会社エミューズ,https://www.emyus.co.jp/
株式会社flyhawk,https://flyhawk.net/
株式会社 Room12,https://www.room12.jp/
メタテック株式会社,http://www.metatec.co.jp/
Aspark Holdings Co., Ltd.
運営元 Mirise up 株式会社,https://mirise-up.co.jp/
株式会社ミルフィ,https://milifee.com/company/
株式会社ジーアングル,https://www.g-angle.co.jp/
NEXT株式会社,https://nextkk.co.jp/
ユニゾンキャリア,https://unison-career.com/company/
株式会社 Hiro Japan,https://www.hiro-japan.com/
コンサルロケッツ株式会社横浜営業所,https://c-rocketz.com/company/
富士ネットワークス株式会社,https://www.fujinetworks.co.jp/
株式会社第一コンピュータリソース,https://www.dcr.co.jp/
技拓ソフト株式会社,https://www.gitaku.jp/
株式会社新日本ニーズ,http://www.newneeds.co.jp/
株式会社三通,https://www.sanntsu.com/
株式会社ルミテック,https://lumitec.co.jp/
株式会社ヴィックスエイジ,http://vixage.co.jp/
株式会社マップクエスト,https://www.mapquest.co.jp/
コーエーテクモグループ,https://www.koeitecmo.co.jp/
株式会社Colorful Palette,https://colorfulpalette.co.jp/
Mogic株式会社,https://www.mogic.jp/
(株)ワンダフルドア,https://wonderful-door.jp/
株式会社モバイルファクトリー,https://www.mobilefactory.jp/
株式会社ダムド,https://www.damd.co.jp/
SuperOx Japan LLC,https://www.superox.jp/
Automagi株式会社,https://www.automagi.jp/
株式会社ミクロスソフトウエア,http://www.micros.co.jp/
株式会社primeNumber,https://primenumber.co.jp/
株式会社MM Corporation,http://mm-corporation.co.jp/company
インタセクト・コミュニケーションズ株式会社,https://www.intasect.com/
株式会社スリーエスシステムアンドサービス,http://www.3s-sys.co.jp/
ウイングソリューションズ,https://ssl.wing-sol.co.jp/
株式会社Legame,https://www.legame.work/
日本システムクオリティ株式会社,https://nsq.co.jp/
BATジャパン,https://batjapan.saiyo-kakaricho.com/entry/offer/list
DAICHI GROUP,https://job.mynavi.jp/22/pc/search/corp85370/outline.html
株式会社思源ソフト,http://www.thinksource.co.jp/
株式会社ゴゴジャン,https://corp.gogojungle.co.jp/
株式会社 リソルカンパニー,https://www.resolatte.com/
イーネット株式会社,https://www.e-net-1.com/
株式会社ヨクト,https://yokuto.co.jp/
株式会社曙題工業,https://www.bridge-kks.com/
メンター・グラフィックス・ジャパン株式会社,https://www.mentorg.co.jp/
株式会社 四次元ポケット,https://yonpoke.co.jp/
株式会社ソーキ,http://www.sooki-ocean.com/
東京理化器械株式会社,https://ssl.eyela.co.jp/
CLINKS株式会社,https://www.clinks.jp/
ママココジョブ,https://mamakoko-job.com/
川口松本運送 株式会社,http://www.kmu.co.jp/
大阪インタースクエア,https://www.intersquare.co.jp/
株式会社アジアンネット,http://www.asiannet.co.jp/company01.html
株式会社さきラボ,https://xn--w8jp02bub.jp/
H.R.I株式会社,https://hri-group.jp/
ブリヂストンソフトウェア株式会社,https://www.bsw.co.jp/
三菱電機株式会社,https://www.mitsubishielectric.co.jp/
株式会社共達,https://www.cncsys.co.jp/
vivit株式会社,https://vivit.co.jp/
アウモ株式会社(GREE100%子会社),https://aumo.co.jp/
アスプローバ株式会社,https://www.asprova.jp/
株式会社青山製作所,https://www.asj-fasteners.co.jp/
株式会社シンプレ,https://shimpre.com/company/company-about/
ASEジャパン株式会社,https://www.asejp.aseglobal.com/
株式会社平山,https://www.hirayamastaff.co.jp/hirayama/information/
NEXT STAGE ASIA CO,LTD.
SUN株式会社,https://www.sun21.co.jp/
株式会社WFS,http://www.wfs.games/recruit/
株式会社夢真ビーネックスグループ,https://www.yumeshin-benext.co.jp/
株式会社トリニファイ,http://www.trinify.com/
デマンドリンク株式会社,https://www.demand-link.jp/
三桜工業 株式会社,https://www.sanoh.com/ja/
株式会社オメガコンサルタンツ,https://www.omgc.co.jp/
株式会社ソフトウェーブプロ,http://www.swap.co.jp/
アルテンジャパン株式会社,https://www.alten-japan.com/
株式会社ジョイプランニング,http://joypla.co.jp/company.html
株式会社ミリネグローバル,http://www.mirineglobal.com/
株式会社Roseau Pensant,https://roseaupensant.jp/
日本ナレッジ株式会社,https://www.know-net.co.jp/
株式会社STONE.B,http://stoneb.jp/
株式会社SHIFT PLUS,https://shiftplus.inc/
PT. MITLA ITLaboratory Indonesia,https://www.mitla.co.jp/company_information.html
自然電力株式会社,https://www.shizenenergy.net/
NDSキャリア株式会社,https://www.nds-career.co.jp/
株式会社ファーンリッジ・ジャパン,http://www.fernridge.co.jp/
株式会社リンクトゥモロー 002,https://www.lintomo.co.jp/
アソビュー株式会社,https://www.asoview.co.jp/
株式会社コプロ・エンジニアード,https://www.copro-e.co.jp/
日本データネットコミュニケーションズ株式会社,https://ndc-um.jp/
株式会社ワーキテクノ,https://wa-ki.jp/
株式会社ビーオーピー,http://www.pop-hkt.com/
株式会社LINK BRIDGE,http://linkbridge.co.jp/
株式会社OTSL,https://www.otsl.jp/
株式会社アイロムグループ,https://www.iromgroup.co.jp/
IQVIA ソリューションズ ジャパン株式会社,https://www.iqvia.com/locations/japan
株式会社アズヴィン,http://www.asvin.co.jp/
株式会社システムソリューション,http://www.systemsolution.co.jp/
ミネベアミツミ株式会社,https://www.minebeamitsumi.com/
株式会社アピリッツ,https://appirits.com/
キャル株式会社,https://www.cal.co.jp/
株式会社イントロダクション,https://www.introduction.tokyo/
株式会社 NISEKO ALPINE DEVELOPMENTS(NISADE),https://furanojob.com/company/nisade
株式会社インデン,http://www.inden.ne.jp/
株式会社PTS,http://pt-sys.co.jp/company/
株式会社Acseez,http://www.acseez.jp/
AFRソリューションズ株式会社,https://afrsolutions.ap6.force.com/s/?language=ja
株式会社ヴィンクス,https://www.vinx.co.jp/
株式会社アスマーク,https://www.asmarq.co.jp/saiyou/
株式会社ナカムラ,http://www.nakamura-jpn.co.jp/
株式会社HAL,https://www.hal21.co.jp/
株式会社 OTSL,https://www.otsl.jp/
Earth Technology株式会社,https://www.tech-earth.co.jp/
株式会社ソフテス,https://www.softes.co.jp/
株式会社エル・ティー・エス,https://lt-s.jp/
富士通株式会社,https://www.fujitsu.com/jp/
株式会社エーティーティーソリューションズ,http://www.a-sol.co.jp/
株式会社FANFARE,https://www.at-fanfare.com/
グリーンシステム株式会社,https://www.grs.co.jp/
株式会社WH CORPORATION,http://w-h-corp.com/company/
株式会社ecommit,https://ecommit-kandk.com/
ダイキン工業株式会社,https://www.daikin.co.jp/
フォーザウィン株式会社,https://www.forthewin.co.jp/
ITカンファー株式会社,http://www.itcamphor.co.jp/
KPMGコンサルティング,https://home.kpmg/jp/ja/home/about/kc.html
株式会社アットキャド,https://www.at-cad.co.jp/
株式会社日本ソフトウェアクリエイティブ,http://www.nscg.co.jp/index.php
株式会社ふくおかフィナンシャルグループ,http://www.fukuoka-fg.com/
ケースワイズコンサルティング株式会社,https://www.casewise.co.jp/
株式会社ヴィセント,https://vicent.co.jp/
Androbo Quick株式会社,http://androbo.jp/group/androboquick/
株式会社セラク,https://www.seraku.co.jp/
株式会社フィエルテ,https://www.fiertecorp.com/
株式会社ミトラ,https://www.mitla.co.jp/
Vスプリーダム株式会社,http://supreedom.com/
株式会社WeTec,https://wetec.co.jp/
株式会社GAFS,http://www.gafs.co.jp/
三協フロンテア株式会社,https://www.sankyofrontier.com/corporate/about.html
住友電気工業株式会社,https://sumitomoelectric.com/jp/
株式会社BestBusinessPartners 東京都内,https://en-gage.net/bb-p_career/
ナレッジビーンズ株式会社,https://www.knowledgebeans.co.jp/company/
株式会社Crunch Style,https://www.crunchstyle.jp/
株式会社バーストスカイ,http://vastsky.co.jp/
株式会社APアシスト,https://apassist.com/
株式会社ミライロ,https://www.mirairo.co.jp/
株式会社AGORA TECHNO,http://www.agora-tech.co.jp/
JPC株式会社,https://www.jpc.co.jp/
グロヴァレックス沖縄株式会社,http://glovalex.net/
OOKABE GLASS株式会社,https://ookabe-glass.co.jp/
method bank株式会社,https://methodbank.jp/
株式会社トラント,https://methodbank.jp/
株式会社セレクティ,https://selecty-hd.co.jp/company/
Avintonジャパン株式会社,https://avinton.com/
株式会社JOINT CREW,https://avinton.com/
株式会社ユーザベース,https://www.uzabase.com/
株式会社長屋心,https://www.nagayagokoro.co.jp/
株式会社シティキャリアサービス,https://www.city-ccs.co.jp/
株式会社KINX Japan,https://www.kinxjp.com/
インバウンドテクノロジー株式会社,https://ib-tec.co.jp/
株式会社Zehitomo,https://www.zehitomo.com/about
株式会社一蔵,https://www.ichikura.jp/ja/index.html
株式会社シング,https://xing-group.com/en/
タカコー株式会社,https://jobtkk.co.jp/corp/corporate
日本タタ・コンサルタンシー・サービシズ株式会社,https://www.tcs.com/jp-ja/home
株式会社ストリートベンチャー,http://streetventure.net/
株式会社ＵＳＥＮ－ＮＥＸＴ ＨＯＬＤＩＮＧＳ,https://usen-next.co.jp/
Wovn Technologies株式会社,https://wovn.io/ja/about/
ファセッツソリューションズ株式会社,https://www.facets-sol.com/
株式会社Wisdom Key,http://wisdom-key.co.jp/
株式会社アバント,https://www.avantcorp.com/
cRc SYSTEM株式会社,http://www.crc-system.co.jp/
CEA Private Schools合同会社,https://houjin.j-bdb.com/70104030247373905
株式会社ウイングノア,https://wingnoah.co.jp/
プロバイド株式会社,https://provide-biz.com/corporate_philosophy/
モチベーションワークス株式会社,https://blend.school/
アベールクラウドテクノロジー株式会社,http://availcloudtechnology.co.jp/
さくら情報システム株式会社,https://www.sakura-is.co.jp/
株式会社ウィルオブ・ワーク,https://willof-work.co.jp/
株式会社S-Play,https://refowork.com/corporation/8011101096076/
ヒューマンリレーションネクスト株式会社,https://hr-next.co.jp/
株式会社システムリサーチ,https://www.sr-net.co.jp/
イーテクノロジー株式会社,https://e-technology.co.jp/company
株式会社デザイン,https://www.design-inc.jp/
株式会社ＣＲＥ－ＣＯ（クレコ）,https://www.cre-co.jp/
株式会社Great Navigation,https://gn-japan.com/
株式会社テクノプロ,https://www.technopro.com/
株式会社ジェクシード【JASDAQ】,https://www.gexeed.co.jp/
株式会社スタッフサービス　エンジニアリング事業本部,https://www.staffservice-engineering.jp/company/outline.html
株式会社レベルス,https://level-s.jp/
株式会社アスページ,https://asupage.co.jp/index.html
株式会社モバイルコミュニケーションズ,https://www.mcoms.co.jp/
株式会社アクロビジョン,https://www.acrovision.jp/
株式会社ケアリッツ・アンド・パートナーズ,https://www.careritz.co.jp/
株式会社リクルートスタッフィング情報サービス,https://www.rs-is.co.jp/
株式会社ビズウインド,https://bizwind.co.jp/
ハイブリィド株式会社（スカイライトコンサルティング出資会社）,https://www.hiblead.co.jp/company/company_profile/
株式会社エヌ・エイ・シー,https://www.nac-care.co.jp/
オムロン エキスパートリンク株式会社,https://www.oli.omron.co.jp/
日本コンピューターネットワーク株式会社,http://www.ncn-ncc.co.jp/
株式会社バイリンガルゲート,https://www.bilingual-gate.co.jp/
株式会社ラストデータ,https://jpn.cn.com/2013301047566
イタンジ株式会社,https://www.itandi.co.jp/
株式会社セブン＆アイ・ホールディングス,https://www.7andi.com/
デジタル・インフォメーション・テクノロジー株式会社,https://www.ditgroup.jp/
Ｓｋｙ株式会社,https://www.skygroup.jp/
株式会社フォーラムエンジニアリング,https://www.forumeng.co.jp/
株式会社リレクチャー,https://relecture.co.jp/company/
ＡＸｅ　ＣＡＰＩＴＡＬ株式会社,https://axecapital-inc.net/
株式会社アイビス,https://ibsnet.co.jp/
株式会社Success Holders,https://success-holders.inc/
フルウィル株式会社,http://www.fulwill.co.jp/
株式会社アップクロス,https://upcross.jp/
ディーピーティー株式会社,https://www.dpt-inc.co.jp/
groxi（グロクシー）株式会社,https://groxi.jp/
株式会社フジワーク,https://www.fujiwork.co.jp/
株式会社ボイジャーインターナショナル,http://www.voyager-inc.com/
株式会社D.I.Works（ディー・アイ・ワークス）,https://diworks.co.jp/
アクロスロード株式会社,https://www.axrossroad.co.jp/
ネクストフィールド株式会社,https://www.nf-nextfield.com/
パーソルワークスデザイン株式会社,https://www.persol-wd.co.jp/
コクー株式会社,https://cocoo.co.jp/
メイキットコープ株式会社（MAKE IT CO-OP Inc.）,https://www.makeit-coop.com/
パナソニックLSネットワークス株式会社,https://panasonic.co.jp/ls/plsnw/
株式会社ブレイバンステクノロジーズ,http://www.bravance.co.jp/
株式会社テクノプロ テクノプロ・エンジニアリング社,https://www.technopro.com/eng/
株式会社Ｒｅｓｐａｗｎ,https://www.respawn.jp/about/
千代田化工建設株式会社,https://www.chiyodacorp.com/jp/
株式会社ゲートスカイ,http://gatesky.jp/
株式会社エクストリンク,https://www.extlink.co.jp/
トーテックアメニティ株式会社,https://www.totec.jp/
株式会社イイネクサス,https://www.iinexus.com/
株式会社ナベカヰ,https://www.nabekai.co.jp/
アイプラスユーアンドユー株式会社,https://www.iplusyouandyou.co.jp/
ＡＪ・Ｆｌａｔ株式会社,https://ajflat.co.jp/
ＡＬＨ株式会社,https://www.alhinc.jp/
株式会社Ｇｉｚｕｍｏ,https://gizumo-inc.jp/
株式会社夢プロエンジ,https://yume-proeng.co.jp/
IFS株式会社,https://www.ifs-sol.co.jp/
株式会社ＨＲインキュベータ,https://hr-incu.com/
株式会社ピーズエンジニアリング,https://www.ps-eng.co.jp/
株式会社オーバーシーズ,https://overseas-inc.jp/
株式会社ＩＳＳ,http://www.issinc.co.jp/
株式会社ＦＹＦ,https://www.fyf-h.com/
株式会社ルトワ,https://www.letoit.co.jp/
株式会社インフロント,https://infrontinc.co.jp/
株式会社富士通ゼネラルＯＳテクノロジー,https://www.fujitsu-general.com/jp/fgot/
株式会社シンメトリクス,https://symmetrix.co.jp/
日本システム・エイト株式会社,http://nse-inc.co.jp/
株式会社ラクスパートナーズ,https://career-engineer.jp/
イチアール株式会社,https://1-r.co.jp/
株式会社アイフリークスマイルズ,https://smiles.i-freek.co.jp/
株式会社Ａｚ Ｏｎｅ,https://www.azone-japan.co.jp/company/
株式会社ＴｈｅＮｅｗＧａｔｅ,https://thenewgate.co.jp/
株式会社エスアイイー,https://sie.co.jp/
コンピューターマネージメント株式会社,https://www.cmknet.co.jp/
Ｓａｚｅ（サージ）株式会社,https://saze.co.jp/about/
株式会社サイシード,https://sciseed.jp/
ＥＢＡ株式会社,https://ebacorp.jp/
アライドテレシス株式会社,https://www.allied-telesis.co.jp/
ＩＮＳＩＧＨＴ ＬＡＢ株式会社,https://www.insight-lab.co.jp/
株式会社トリプルクラウンズ,https://www.triplecrowns.co.jp/
株式会社ＧＯＡＴ（ゴート）,https://goat-inc.co.jp/company/
合同会社ＱＵＡＮＴＵＭ ＭＥＤＩＡ,http://quantummedia.jp/page-87/
株式会社ＭＩＣ,https://www.mic-info.co.jp/aboutus/
株式会社日経ＢＰ,https://www.nikkeibp.co.jp/
株式会社アステックペイント,https://astecpaints.jp/
サークレイス株式会社,https://www.circlace.com/
セキュアエッジ株式会社,https://www.secureedge.jp/
株式会社ヴェシカ,https://www.visulia-g.jp/
株式会社キーワードジャパン,http://www.keywordjapan.co.jp/
株式会社コージャル,https://cordial.osaka/
株式会社グッドコンピュータ,https://www.goodcomputer.co.jp/
株式会社URシステムズ,https://www.ur-systems.co.jp/
サウンズ株式会社,https://saunz.co.jp/
エヌエスイー株式会社,https://www.nse-jp.co.jp/
日永インターナショナル株式会社,https://www.nichiei-intl.co.jp/
株式会社KENテクノロジー【KENTechnology Co., Ltd.】
株式会社ワイズ,https://wisenet.co.jp/
株式会社シーアールイー,https://www.cre-jpn.com/
株式会社ＧＩＯテクノロジーズ,https://gio-tech.jp/
株式会社エイペック,http://apec-japan.jp/profile/
株式会社サンウェル,https://www.sw-net.co.jp/
株式会社ジーンステイト,https://genestate.co.jp/
株式会社フリースタイル,https://freestyles.jp/
エックスサーバー株式会社,https://www.xserver.co.jp/
株式会社ｔａｌｅ,https://tale-jp.com/
株式会社ＪＣＢＣ,https://www.jcbc.co.jp/
ＩＮＴＬＯＯＰ株式会社,https://www.intloop.com/
クオリティソフト株式会社,https://www.qualitysoft.com/
データアナリティクスラボ株式会社,https://dalab.jp/
株式会社フューチャーコネクション,https://future-connection.co.jp/
Ｃｙｎａｐｓｅ株式会社,https://www.cynapse.xyz/
株式会社オーツー,https://www.otwo.jp/en/
株式会社丸井グループ,https://www.0101maruigroup.co.jp/
日立物流ソフトウェア株式会社,https://www.hitachi-hbsoft.co.jp/
株式会社メイテック,https://www.meitec.co.jp/company/overview.html
株式会社ヴィトーリア,https://vitoria.co.jp/about/
ＮＥＷＩＮＧＳ株式会社,https://new-ings.co.jp/
株式会社テック・エス・シー,http://www.tech-sc.co.jp/
オープラン株式会社,https://oplan.co.jp/
株式会社PLAY,https://play.jp/
株式会社ビヨンドワークス,https://beyond-works.co.jp/
みんなの未来株式会社,http://www.yourfuture.jp/
株式会社アライズ【Arise Inc.】,https://www.arise.co.jp/
株式会社ツリーベル,https://www.treebell.co.jp/
アルサーガパートナーズ株式会社,https://www.arsaga.jp/
株式会社ＬＩＦＥＳＹＮＣ,https://lifesync.co.jp/
株式会社バディットコンサルティング,http://buddit.co.jp/
ＴＤＩゼットサービス株式会社,https://www.tdizs.co.jp/
株式会社アースネット,http://www.arths-net.co.jp/
株式会社ハートソフト（HEART SOFT CO.,LTD.）
株式会社レグルカセ,https://www.reglecasse.co.jp/
タマテクノシステム株式会社（TamaTechnoSystem.Corp）,http://www.tamats.co.jp/
三協株式会社,https://www.sankyoweb.com/
アイオステクノロジー株式会社,https://www.aiosl-tec.co.jp/
株式会社AEVIC（アビック）,https://www.aiosl-tec.co.jp/
ジークス株式会社,https://www.zeax.co.jp/
日本開発株式会社,https://www.nihon-kaihatsu.co.jp/
株式会社オーリン,http://www.ohrin.co.jp/
株式会社アイワット,https://www.iwat.co.jp/
株式会社油井コンサルティング,http://www.yuiconsulting.com/
株式会社ｒｅｌａｔｉｏｎ,http://relation2012.com/
株式会社やさしい手,https://www.yasashiite.com/subdomains/div_page/25/1/
エスジョイシー株式会社,https://www.sjoyc.com/
あさかわシステムズ株式会社,https://www.a-sk.co.jp/
ＣＴＷ株式会社,https://ctw.inc/
株式会社Ｓ＆Ｓ,https://s--and--s.net/
株式会社アドバンシステム,http://www.advan-system.co.jp/
ＬＩＮＥ Ｆｕｋｕｏｋａ株式会社,https://linefukuoka.co.jp/ja/
ＮＥＣ ＶＡＬＷＡＹ株式会社,https://www.necvw.co.jp/
株式会社Over REVO,https://www.overrevo.co.jp/
コーデソリューション株式会社,https://www.codesol.jp/
株式会社ルーセント,https://lucent-sports.com/company/
株式会社セイノー商事,https://www.seino-shoji.co.jp/
株式会社オーエムシー,https://www.omc.co.jp/
株式会社パステムセゾン,https://passtem.co.jp/
株式会社京王百貨店,https://www.keionet.com/corp/company/outline.html
株式会社ＴＯＫＡＩコミュニケーションズ,https://www.tokai-com.co.jp/index.php
コンポーネントデザイン株式会社,https://www.cmpd.jp/
株式会社リカーマウンテン,https://www.likaman.co.jp/outline
株式会社オノマシン,http://ono-machine.co.jp/
株式会社 デンソークリエイト,https://www.denso-create.jp/
株式会社リコルディ,https://ricordi.co.jp/
株式会社アットマークテクノ,https://www.atmark-techno.com/
株式会社中川製作所,https://www.nakagawa-mfg.co.jp/company/
AZAPAエンジニアリング株式会社,https://www.azapa-eng.co.jp/
株式会社ＰＬＵＳＬＩＫＥ,http://pluslike.co.jp/
株式会社ＱＴｎｅｔ,https://www.qtnet.co.jp/
株式会社Clotho,http://www.team-clotho.com/
株式会社ティーオーエイチ,https://www.toh-group.co.jp/
株式会社ビービーシー,https://www.bbcinc.co.jp/
株式会社アクアードコンサルティング,http://aqured.co.jp/
駿和物流株式会社,http://www.syunwa.co.jp/
ＣＬ株式会社,http://ciel-japan.jp/
日工テクニカルサービス株式会社,https://www.nikko-technical.co.jp/
ＪＸ金属株式会社,https://www.nmm.jx-group.co.jp/
株式会社glovaria（glovaria inc.）,https://glovaria.com/?fbclid=IwAR179hmckB2a-YeXFWV8onln0wtWEoJuwRjC318TeoQCoW7uHzxDAPOmKJ8
光陽商事株式会社,https://www.koyoshoji.co.jp/
株式会社ｅｘｔ,https://ext.cx/
株式会社ＡＬＬＳＥＥＤ,https://allseed.co.jp/
ケイプラス株式会社,http://kpls.jp/
株式会社イデア・レコード,https://idearecord.co.jp/
株式会社ダイカン,http://www.daikan-eco.co.jp/
株式会社エスエスアイ・ラボ,https://ssilab.co.jp/mobile_top
株式会社アンビシャス,https://www.ambitious-am.co.jp/
イーストライズ株式会社,https://www.east-rise.com/
株式会社パワーエッジ,https://www.poweredge.co.jp/
株式会社アイテム,https://www.i-tem.co.jp/
テスコ株式会社,https://www.tesco-inc.jp/
株式会社ｓｈｏｒｍａ,https://shorma.jp/
株式会社インターパーク,https://www.interpark.co.jp/
株式会社スカイ３６５,https://www.sky365.co.jp/
ビジネス・デザイン・コンサルティング株式会社,https://www.bdcon.co.jp/
Adapt株式会社,https://adapt-engineer.com/
AIQVE ONE株式会社,https://www.aiqveone.co.jp/
Atlas Copco KK,https://www.atlascopco.com/ja-jp/compressors
cocone fukuoka 株式会社,http://www.fukuoka.cocone.co.jp/company/info
DMM.com,https://www.dmm.com/
eBASE-PLUS株式会社,https://www.ebase-plus.co.jp/
FAVISH,https://www.favish.net/
FOX HOUND株式会社,https://www.fox-hound.co.jp/home
HCL Japan/ C3i Japan,https://www.hcljapan.co.jp/about/japan.html
JFEエンジニアリング株式会社,https://www.jfe-eng.co.jp/
JHRconsulting株式会社,https://j-h-r.com/access/
K.K.kurokawa&co./クロカワアンドシーオー,https://kurokawaandco.jp/
KYOKYU株式会社,https://kyokyu.net/
matsuri technologies株式会社,https://www.matsuri.tech/
Next Career,https://careers.next.co.uk/
PHCメディコム株式会社,https://www.phchd.com/jp/phcmn
REFERRAL(株),https://referral-recruiting.co.jp/
SAISON Office合同会社,https://www.saison-office.com/
SC-Consulting LLC,https://sc-llc.jp/
Sky's The Limit株式会社,http://skysthelimit.co.jp/
アイレット株式会社,https://www.iret.co.jp/
アッシュワールド株式会社,https://ashworld.jbplt.jp/
アプライド マテリアルズ ジャパン株式会社,https://www.appliedmaterials.com/ja
イーシーバイウーズ株式会社,https://www.uuuth.co.jp/
イチアール株式会社,https://1-r.co.jp/
インタセクト・コミュニケーションズ株式会社,https://www.intasect.com/
ウイングソリューションズ株式会社,https://ssl.wing-sol.co.jp/
ウォンツ株式会社,https://wantsinc.jp/
エイドコンサルティング株式会社,https://aidconsulting.jp/introduction/
エックスサーバー株式会社,https://www.xserver.co.jp/
エフエルシー株式会社,https://www.f-l-c.jp/
エムラボ株式会社,https://www.mottainai.co.jp/company.html
エンジニアファースト,https://engineerfirst.jp/
エンパワーメント株式会社,http://e-m-p.co.jp/
オムロン株式会社,https://www.omron.com/jp/ja/
キャル株式会社,https://www.cal.co.jp/
クラスメソッド株式会社,https://www.googleadservices.com/
グロウコミュニティ株式会社,https://grow-community.net/
コールチャイナジャパン株式会社,https://www.korchinajapan.com/
サイボウズ株式会社,https://cybozu.co.jp/
サン・ライフ,https://www.sunlife.jp/
シーマ電子株式会社,https://shiima.co.jp/
シンフォニーマーケティング株式会社,https://www.symphony-marketing.co.jp/
セルプロモート株式会社,https://cellpromote.biz/
ソフィア総合研究所株式会社,https://eclect.co.jp/
ソフトヒューベリオン人事本部,https://soft-hyperion.com/
つばさ株式会社,https://www.world-wing.com/
テイ・エス テック株式会社,https://www.tstech.co.jp/
テクニカルプランニング人事本部,https://tplan.co.jp/
なごみ,http://nagomi-n.com/
ニプロ株式会社,https://www.nipro.co.jp/
ネイバーズ株式会社,https://www.neighborengineers.jp/
ハーバーハウス株式会社,https://www.herbarhouse.jp/
バイエル薬品株式会社,https://www.pharma.bayer.jp/ja/
ビーミライホールディングス株式会社,https://www.b-mirai.jp/
ファーマーズサポート株式会社,https://farmers-s.co.jp/
ブリヂストンソフトウェア株式会社,https://www.bsw.co.jp/
ペンギンシステム株式会社,https://www.penguins.co.jp/
メディアマート株式会社,https://mediamart.jp/
モラブ阪神工業株式会社,https://morabu.com/
ライオン株式会社,https://www.lion.co.jp/
ラッシュジャパン合同会社,https://lushjapan-job.net/jobfind-pc/job/All/1962
リングロー株式会社,https://www.ringrow.co.jp/
ロータスワークス株式会社,https://lotus-office.co.jp/
株式会社 IWD,http://www.iwd.co.jp/
株式会社 Legame,https://www.legame.work/
株式会社 MARUKU,https://maruku.biz/
株式会社 Tbook,https://www.itbook-hd.co.jp/enterprise_information/
株式会社 アクワイア,https://www.acquire.co.jp/
株式会社 アメイズプラス,https://amaze-plus.com/
株式会社 ウイング,https://www.weing.co.jp/company/
株式会社 エクレクト,https://eclect.co.jp/
株式会社 グローバル・サイバーネット・システム,http://www.gcns.co.jp/index-1.html
株式会社 だいにち堂,https://dainichido.co.jp/
株式会社 ディンプス,https://www.dimps.co.jp/
株式会社 ナレッジラボ,https://knowledgelabo.com/
株式会社 バードネットワークス,https://birdnet-works.com/
株式会社 三木,http://miki-mezz.com/
株式会社 昴,https://www.subarurepair.co.jp/company
株式会社AIHO,https://www.aichi-brand.jp/corporate/type/fabricated/aiho.html
株式会社BEEP,https://beep.co.jp/
株式会社CockPit,https://cockpit.tokyo/
株式会社CyberOwl,https://www.cyberowl.co.jp/
株式会社Cygames,https://www.cygames.co.jp/
株式会社DANRO,https://danro-inc.com/
株式会社Education,https://www.education-inc.co.jp/profile/
株式会社FunClock,https://www.funclock.co.jp/
株式会社GSD,http://www.g-s-d.co.jp/about.php
株式会社IRODORI,https://engineerfirst.jp/
株式会社JAPANNEXT,https://japannext.net/%E4%BC%9A%E7%A4%BE%E6%A6%82%E8%A6%81/
株式会社JIRAN JAPAN,https://global.jiran.com/jp/category/1545988307069
株式会社juice up,https://juice-up.co.jp/
株式会社LastData,https://last-data.co.jp/about/
株式会社LCVリレーション,http://lcv-relation.co.jp/
株式会社MEDMET,http://jp.medmet.net/
株式会社MIS JAPAN,https://mis-japan.business.site/
株式会社M-NET,http://www.m-netd.com/
株式会社MTトレーディング,http://mt-trading-ltd.com/COMPANY
株式会社Number,https://number.onl/Access.php
株式会社ON SET,https://www.j-onset.com/
株式会社Pacing,https://en-gage.net/pacingkyujin_saiyo/work_1877918/
株式会社ProVision,https://www.pro-vision.jp/
株式会社RADソリューションズ,https://rad-inc.co.jp/
株式会社ReactWall,https://reactwall.co.jp/
株式会社simple,https://simples.co.jp/
株式会社TheNewGate,https://thenewgate.co.jp/
株式会社Unelma,http://vcsg.jp/unelma/
株式会社USD,https://www.us-design.co.jp/
株式会社WOLVES Hand,https://wolveshand.jp/
株式会社アクシス・クリエイト,https://www.axiscreate.com/
株式会社アクセス情報テクノロジー,http://www.access-it.co.jp/
株式会社アドカン,http://adokan.co.jp/
株式会社アドリンクス,http://addlinks.jp/company.html
株式会社アビック,http://www.abic-m.jp/
株式会社アプリコット,https://www.apricotinc.co.jp/
株式会社アローシステム開発,https://www.arrowsystem.co.jp/
株式会社イノベーションパートナーズ,https://innovation-partners.jp/
株式会社いろはにぽぺと,http://irohanipopeto.com/
株式会社ウィットム,https://witom.co.jp/
株式会社エイブルスタッフ,https://www.able-staff.co.jp/
株式会社エクロール,http://www.eclore-japan.co.jp/
株式会社エスティード・ジャパン,http://www.stdjpn.co.jp/
株式会社エフ・グッド,http://www.f-good.net/
株式会社オープンセサミ・テクノロジー,https://www.opensesame-tech.com/
株式会社ガンバリオン,https://www.ganbarion.co.jp/
株式会社キャリコ,https://carico.jp/
株式会社キュー・プレスト,http://q-presto.co.jp/
株式会社クロス・アイ,https://x-i.co.jp/
株式会社サクセス,https://www.success-corp.co.jp/
株式会社サンロフト,https://www.sunloft.co.jp/
株式会社シーエスエム,https://csm-it.co.jp/
株式会社シェアビジョン,https://svltd.co.jp/
株式会社システム・スクゥェアー,http://www.sys-square.co.jp/profile_company.html
株式会社ジョイソリューション,http://joy-solution.com/
株式会社シンコー Life time service,https://www.kk-shinko.com/
株式会社スキルコネクト,https://www.skill-c.co.jp/
株式会社ステラ,https://stella-group.com/
株式会社スマートウェブ,https://smartweb.co.jp/
株式会社ソフテル,https://www.softel.co.jp/
株式会社データサービス,https://www.data-service.jp/
株式会社トヨコー,https://www.toyokoh.com/
株式会社トラストコーポレーション,https://trust-c-osaka.com/
株式会社ネクサスエージェント,https://nexus-agent.com/
株式会社ネクストクリエーションズ,https://nextcreations.co.jp/
株式会社ハーツシステム,https://www.hearts-system.com/
株式会社バルス,https://balus.co/
株式会社ピーエスシー,https://www.psc-inc.co.jp/
株式会社ヒガシトゥエンティワン,https://www.e-higashi.co.jp/
株式会社ビットエイジ,https://www.bitage.co.jp/
株式会社ファインシステム,https://fine-system.co.jp/
株式会社ファンレボ,https://www.fanrevo.co.jp/
株式会社フェニシス,https://www.phoenisys.co.jp/about_us/
株式会社フリースタイル,https://freestyles.jp/
株式会社ベネックス,https://www.benexinc.com/
株式会社ヘルスベイシス,https://h-basis.co.jp/
株式会社ホールハート,https://hallheart.co.jp/
株式会社マホリ,https://mahori.co.jp/
株式会社ミクシィ,https://mixi.co.jp/
株式会社ミライフ,https://melife.jp/
株式会社ミラクルソリューション,https://www.miracle-solution.com/
株式会社メディノス採用グループ,https://medinos.co.jp/
株式会社ユーナ,https://una.co.jp/
株式会社ラスク,https://rasuku-net.jbplt.jp/
株式会社リツビ,https://www.ritsubi.co.jp/
株式会社ルーク,https://www.rook.co.jp/
株式会社ロワール,https://www.loire.ne.jp/
株式会社ワイヤードパッケージ,https://wiredpackage.com/
株式会社三井ハイテック,https://www.mitsui-high-tec.com/ja/
株式会社時設計,https://tokisekkei.co.jp/
株式会社酔心,http://www.e-suishin.com/gaiyo/gaiyo.html
株式会社朝日,https://www.asahi-aaa.co.jp/
国際紙パルプ商事株式会社,https://www.kppc.co.jp/
西菱電機株式会社,http://www.seiryodenki.co.jp/
泰侍株式会社,https://www.taishinjapan.jp/
大和リース株式会社,https://www.daiwalease.co.jp/
中部事務機株式会社,https://www.cbm.co.jp/
日本ナレッジ株式会社,https://www.know-net.co.jp/
日本銀行,https://www.boj.or.jp/
日本精化株式会社,https://www.nipponseika.co.jp/
日本電産リード株式会社,https://www.nidec.com/jp/nidec-read/
平田機工株式会社,https://www.hirata.co.jp/
万国ソフト株式会社,https://www.bkk-soft.com/
有限会社Coo&RIKU,https://www.googleadservices.com/30DXIH5u7va4gQ5oPIbzaTOHWWnYVJrbkuhp6XupwlfCBUTSFVMKUGxk&sig=AOD64_2aEwOHFCc5ffPO4mz6RwYlJ87-Uw&q&sqi=2&adurl&ved=2ahUKEwjUtPO7_OnzAhW5RTABHWONBJoQ0Qx6BAgCEAE
有限会社カナメグローバルホールディングス,https://www.kaname-gh.co.jp/
和丘株式会社,http://wa-q.jp/
Avintonジャパン株式会社,https://avinton.com/
CTCファーストコンタクト株式会社,https://www.firstcontact.co.jp/corporate/outline.html
Evand株式会社,https://evand.jp/
GTソリューション株式会社,https://www.gts-jp.com/
HEROZ株式会社,https://heroz.co.jp/
JA全農青果センター株式会社,https://z-center.co.jp/
JR九州システムソリューションズ株式会社,http://www.jrqss.co.jp/
KCCSキャリアテック株式会社,https://www.kcct.co.jp/
la belle vie株式会社,https://www.gilt.jp/info/company/company-information
Person's株式会社,http://www.persons-it.com/
SCSKサービスウェア株式会社,https://www.scskserviceware.co.jp/
SI&C 株式会社システム情報,https://www.sysj.co.jp/
SWITCH株式会社,https://www.switch-ang.co.jp/company/
TDCX (MY) Sdn Bhd,https://www.tdcx.com/
Y&I Group株式会社,https://www.y-i-groupinc.jp/
YIG solution株式会社,https://yig-solution.co.jp/
アイザックシステムズ株式会社,https://www.izaq.co.jp/index.html
アイティメディア株式会社,https://corp.itmedia.co.jp/
アダプトIP株式会社,http://www.adapt-ip.co.jp/
イーエスアール株式会社,https://www.esr.co.jp/
インターメディアプランニング株式会社,https://www.ipi.co.jp/
エクトミシステム株式会社,https://www.ectomy.co.jp/
オンタイムデリバリージャパン株式会社,https://ondeli-japan.com/
ガイアリンク株式会社,http://www.gaialink.co.jp/
キャスレーコンサルティング株式会社,https://www.casleyconsulting.co.jp/
サンブリッジソリューションズ株式会社,http://www.sunbridge-s.jp/corporate.html
ジェイシーテクノロジー株式会社,https://jctec.jp/
シネックスジャパン株式会社,https://www.synnex.co.jp/?lang=ja
ジャパニアス株式会社,https://jna.co.jp/
ゼネリックソリューション株式会社,https://generic-solution.co.jp/
ダイヤ情報システム株式会社,https://www.dia-systems.co.jp/
デザイニストラボ株式会社,https://www.designist-lab.com/
デジタルアーツ株式会社,http://www.digitalarts.co.jp/
トッパン・フォームズ・オペレーション株式会社,https://www.tfo.co.jp/
トレンドワークス株式会社,http://www.trendworks.co.jp/
ネクストライブ株式会社,https://nextribe.co.jp/
パナソニック株式会社,https://www.panasonic.com/jp/home.html
ピジョン株式会社,https://www.pigeon.co.jp/
ヒューベルサービス株式会社,https://www.hubell.co.jp/
ファインズソフト合同会社,https://jpn.cn.com/1430003010860
ファボック株式会社,https://www.faboc.co.jp/
フォワードソフト株式会社,https://forward-soft.co.jp/
マイバックス株式会社,http://mybacks.co.jp/
ユビアン有限会社,https://www.yubian.jp/
リンクソフトウエア株式会社,https://www.link-software.co.jp/
ルーテイジ株式会社,https://www.rootage.co.jp/
ワイジェイカード株式会社,https://www.yjcard.co.jp/
伊藤忠テクノソリューションズ株式会社,https://www.ctc-g.co.jp/
応用技術株式会社,https://www.apptec.co.jp/
楽天カード株式会社,https://www.rakuten-card.co.jp/
株式会社A-gon,https://www.pachinkovillage.com/maker/makerDetail.php?MAKER_CODE=00000116
株式会社Avirity Information,http://a-info.co.jp/
株式会社Ｂ・Ｐ・Ｓ,https://bps21.jp/
株式会社BBSアウトソーシングサービス,https://home.bbs-os.co.jp/
株式会社BEARTAIL,https://beartail.jp/
株式会社Branding Engineer,https://b-engineer.co.jp/
株式会社CC,https://www.cccorp.co.jp/
株式会社Circulate Line,https://www.circulateline.jp/
株式会社Deporta,https://www.deporta.co.jp/
株式会社earth&one architect,https://www.earthandone.com/
株式会社EMD,https://www.emdes.co.jp/
株式会社ENCOM,https://encom.cc/
株式会社E-STAGE,http://www.e-stag-e.co.jp/
株式会社FITS,https://www.fits-inc.jp/
株式会社GOOYA,https://www.gooya.co.jp/
株式会社GSI,https://glue-si.com/
株式会社ITコミュニケーションズ,https://www.it-comm.co.jp/
株式会社KAMING,https://www.kaming-corp.com/ses
株式会社Ki-no,https://ki-no.co.jp/
株式会社ＫＫシステム,https://www.kk-system.com/
株式会社LAVA International,https://lava-intl.co.jp/
株式会社Lincs,https://www.lincs.tokyo/
株式会社MonotaRO,https://corp.monotaro.com/overview.html
株式会社PPFパートナーズ,https://ppfpart.co.jp/
株式会社PRECS,https://precs.co.jp/
株式会社QLife,https://www.qlife.co.jp/
株式会社Redo,http://www.re-do.co.jp/
株式会社SCREEN,https://www.screen.co.jp/
株式会社SIG,https://www.sig-c.co.jp/
株式会社UCS,https://www.ucscard.co.jp/
株式会社ＹＴＴテクノロジー,http://www.ytttec.com/
株式会社Zaif,https://corp.zaif.jp/outline/
株式会社ＺｉｏｎＴｅｃｈｎｏｌｏｇｉｅｓ,https://en-gage.net/zion-tech_career/
株式会社アイエスエフネット,https://www.isfnet.co.jp/index.html
株式会社あかがね,https://akagane.co.jp/
株式会社アットファイブ,https://www.atfive.co.jp/
株式会社アフェックス,https://afx-pro.com/
株式会社アプリコット,https://www.apricotinc.co.jp/
株式会社アルメディア・ネットワーク,https://www.allmedia.co.jp/
株式会社アンフォルム,https://inform-tokyo.co.jp/
株式会社インターフェイス,http://www.iface.jp/
株式会社インプル,https://www.impl.co.jp/
株式会社ヴェントゥーノ,https://www.ventuno.jp/
株式会社エイシル,https://www.asil.co.jp/
株式会社エーエスエル,https://www.asl.co.jp/
株式会社エージェントグロー,https://www.agent-grow.com/
株式会社エクシオジャパン,https://www.exeojapan.com/
株式会社エスイーアーキテクト,https://www.se-architect.co.jp/
株式会社エスタイル,https://estyle-inc.jp/
株式会社エスネットプラス,https://www.s-netplus.co.jp/
株式会社オールキャスティング,http://allcasting.jp/
株式会社オフィス未来,https://www.officemirai.co.jp/
株式会社カカクコム・インシュアランス,https://kakakucom-insurance.co.jp/
株式会社カラダノート,https://corp.karadanote.jp/
株式会社クオーテック,https://quotec.co.jp/
株式会社クラウディオプログレス,https://claudio-progress.co.jp/
株式会社クリーブウェア,https://www.cleaveware.com/
株式会社グリプス,http://www.gryps.co.jp/
株式会社グロース,https://growth-jp.com/
株式会社クロスポイントソリューション,https://cp-sol.co.jp/
株式会社ゲオホールディングス,https://www.geonet.co.jp/
株式会社コスモデザイン,http://www.c-design.co.jp/
株式会社コトリオ,https://kotrio.co.jp/
株式会社コンフィデンス,https://confidence-inc.jp/?gclid=Cj0KCQjw1ouKBhC5ARIsAHXNMI_k3xFr30KJ_bbs5sFE2oHGZG1DvzpzKMdQRYwgkuyGyDunImm6mBwaAmXGEALw_wcB
株式会社サイトスコープ,https://www.sitescope.co.jp/
株式会社サイバーセキュリティクラウド,https://www.cscloud.co.jp/
株式会社サイバービジネス,https://www.cyberbiz.co.jp/company/
株式会社サマリー,https://sumally.co.jp/
株式会社サンアイエンジニアリング,https://www.sang.co.jp/
株式会社ジィ・シィ企画,https://www.gck.co.jp/
株式会社シースリー,http://www.c3w.co.jp/
株式会社ジェイ・ブライト,http://www.j-bright.co.jp/
株式会社ジェイピー・セキュア,https://www.jp-secure.com/
株式会社ジェイマックシステム,https://www.j-mac.co.jp/
株式会社スリー・イー,https://www.3ep.jp/
株式会社セカンドセレクション,https://www.secondselection.com/
株式会社ゼロマーケティング,https://zelo.jp/
株式会社タナベ経営,https://www.tanabekeiei.co.jp/
株式会社ダブルスタンダード,https://double-std.com/
株式会社テクニカルバイブル,https://www.net-tbc.co.jp/
株式会社テクニケーション,https://www.technication.co.jp/
株式会社テクノクリエイティブ,https://www.techno-creative.co.jp/
株式会社テラスカイ,https://www.terrasky.co.jp/
株式会社デルタ総研,http://delta-souken.co.jp/company/
株式会社トゥモロー・ネット,https://www.tomorrow-net.co.jp/
株式会社トーセーシステムズ,https://www.toseisystems.co.jp/
株式会社ドリームキャリア,https://www.dreamcareer.co.jp/
株式会社トリプルアイズ,https://www.3-ize.jp/
株式会社どんぐりソフト,https://www.acorns-soft.com/
株式会社ネオ,https://www.neo-s.jp/
株式会社ネットビジョン,https://www.net-vision.co.jp/
株式会社ネットワーク・コーポレーション,https://www.netcorp.jp/
株式会社パスコ,https://www.pasco.co.jp/
株式会社パトリオット,https://www.patriot.co.jp/
株式会社ピーエムティー,https://www.pm-t.com/
株式会社ビーネックステクノロジーズ,https://www.benext.co.jp/bnt/
株式会社ビットエー,https://bita.jp/
株式会社フォー・ジェイ,https://four-j.recruitment.jp/
株式会社プラスパシステムズ,http://www.prosper-s.co.jp/
株式会社フラット,https://flat-inc.site/
株式会社ブロードリーフ,http://www.broadleaf.co.jp/
株式会社プロトシステム,https://www.prsys.jp/
株式会社ベネッセスタイルケア,https://www.benesse-style-care.co.jp/
株式会社ボールド,https://www.bold.ne.jp/
株式会社マイクロ・テクニカ,https://www.microtechnica.co.jp/
株式会社マイスター・ギルド,https://www.m-gild.com/
株式会社マキタ,https://www.makita.co.jp/
株式会社マルウェブ,https://www.maruweb.co.jp/ja/
株式会社メイテックフィルダーズ,https://www.meitec.co.jp/company/group.html
株式会社ユニラボ,https://www.unilabo.jp/
株式会社ヨコタエンタープライズ,https://yokota-ent.com/
株式会社ライトカフェ,https://www.lightcafe.co.jp/
株式会社ライブワークス,https://www.liveworks.co.jp/
株式会社ラクーンホールディングス,https://www.raccoon.ne.jp/
株式会社ラクス,https://www.rakus.co.jp/
株式会社リブアップ,https://www.liv-up.co.jp/
株式会社リンクアンドモチベーション,https://www.lmi.ne.jp/
株式会社リンクス,https://linx.jp/
株式会社レイティストシステム,https://www.latest-system.co.jp/
株式会社レインオンファニー,https://www.reinonfunny.co.jp/
株式会社駅探,https://ekitan.co.jp/
株式会社下野新聞社,https://www.shimotsuke.co.jp/list/company/about
株式会社九州日立システムズ,https://www.kyushu-hitachi-systems.co.jp/
株式会社計装エンジニアリング,https://www.keiso.co.jp/
株式会社小田急百貨店,https://www.odakyu-dept.co.jp/corporation/profile/index.html
株式会社多摩川電子,https://www.tmele.jp/
株式会社大塚商会,https://www.otsuka-shokai.co.jp/
株式会社調転社,https://cho-tensha.jp/
株式会社電通国際情報サービス,https://www.isid.co.jp/
株式会社日本オープンシステムズ,https://www.jops.co.jp/
株式会社日本ロジックス,https://www.nihonlogix.co.jp/
株式会社日立フーズ&ロジスティクスシステムズ,https://www.hitachi-fls.co.jp/
株式会社北央情報サービス,https://www.hokuoh-js.co.jp/
株式会社夢テクノロジー,https://www.yume-tec.co.jp/
株式会社龍野情報システム,https://tatsuno-system.co.jp/
環境計測株式会社,https://covidien.logi-asp.ne.jp/
住友林業情報システム株式会社,https://www.sumirin.co.jp/
新コスモス電機株式会社,https://www.new-cosmos.co.jp/
進和テック株式会社,https://www.shinwatec.co.jp/
西菱電機株式会社,http://www.seiryodenki.co.jp/
西部ガス株式会社,https://www.saibugas.co.jp/
村田機械株式会社,https://www.muratec.jp/
大京システム開発株式会社,https://u-dsk.co.jp/
辰巳電子工業株式会社,https://www.tatsu-mi.co.jp/
中沢情報株式会社,https://www.nakazawa.co.jp/company/nakazawa-joho
中部テレコミュニケーション株式会社,https://www.ctc.co.jp/
東芝情報システム株式会社,https://www.tjsys.co.jp/
日商エレクトロニクス株式会社,https://www.nissho-ele.co.jp/index.html
日新電機工作株式会社,http://www.ndk-group.co.jp/
日本アスペクトコア株式会社,https://www.aspectcore.co.jp/
日本ウェブサービス株式会社,https://jpn-web.co.jp/
日本ナレッジスペース株式会社,https://www.jpn-ks.co.jp/
日本精化株式会社,https://www.nipponseika.co.jp/
日本電産リード株式会社,https://www.nidec.com/jp/nidec-read/
武蔵精密工業株式会社（東証一部上場）,http://www.musashi.co.jp/
弁護士ドットコム株式会社,https://www.bengo4.com/corporate/
稟株式会社,http://linlinc.co.jp/
諫早ケーブルメディア株式会社,https://isahaya-media.com/
株式会社SPIN TECHNOLOGY,https://jpn.cn.com/9010401161935
モラブ阪神工業株式会社,https://morabu.com/
株式会社ギークプラス,https://www.geekplus.jp/
株式会社スタイル・フリー,https://style-free.co.jp/
株式会社ウェルスペック,https://wellspec.co.jp/
ジグノシステムジャパン株式会社,https://gigno.co.jp/
株式会社フレスタ,https://www.fresta.co.jp/
株式会社アルトナー,https://www.artner.co.jp/
株式会社D-design,http://www.d-dsn.co.jp/
株式会社ケー・ケー・シー,http://kkcm.co.jp/
イシン株式会社,https://www.ishin1853.co.jp/
アビームコンサルティング株式会社,https://jp.abeam.com/
アンファー株式会社,https://www.angfa.jp/
株式会社ベイカレント・コンサルティング,http://www.baycurrent.co.jp/
株式会社Looop,https://looop.co.jp/
株式会社dirbato,https://www.dirbato.co.jp/
株式会社ビジョン・コンサルティング,https://visioncon.co.jp/
コーデンシ株式会社,https://www.kodenshi.co.jp/
ヒビノ株式会社,https://www.hibino.co.jp/
ブラザー工業株式会社,https://www.brother.co.jp/
メック株式会社,https://www.mec-co.com/
株式会社シノケングループ,https://www.shinoken.co.jp/
株式会社ダスキン,https://www.duskin.co.jp/
株式会社テレビ東京コミュニケーションズ,https://txcom.jp/
株式会社ネクステージ,https://www.nextage.jp/
株式会社バンダイナムコビジネスアーク,https://www.bandainamco-ba.co.jp/
株式会社ヒガシトゥエンティワン,https://www.e-higashi.co.jp/
株式会社ファーマインド,https://www.farmind.co.jp/
株式会社合食,https://www.goshoku.co.jp/
株式会社三井ハイテック,https://www.mitsui-high-tec.com/ja/
株式会社斉藤工務店,http://www.saito-k.com/
株式会社池田模範堂,https://www.ikedamohando.co.jp/
株式会社日本取引所グループ,https://www.jpx.co.jp/
国際紙パルプ商事株式会社,https://www.kppc.co.jp/
三光株式会社,https://sankokk-net.co.jp/
三菱ケミカル物流株式会社,http://www.mclc.co.jp/
住江織物株式会社,https://suminoe.co.jp/
上野精機株式会社,https://www.ueno-seiki.co.jp/
朝日インタラクティブ株式会社,https://aiasahi.jp/
東京エレクトロン九州株式会社,https://www.tel.co.jp/about/locations/tkl.html
東京パワーテクノロジー株式会社,https://www.tokyo-pt.co.jp/
東明エンジニアリング株式会社,http://www.tohmei-engineering.com/company.html
平田機工株式会社,https://www.hirata.co.jp/
万田発酵株式会社,https://www.manda.co.jp/
H&M Software株式会社,https://h-and-m-software.com/
応用電機株式会社,https://www.oyoe.co.jp/
河村電器産業株式会社,https://www.kawamura.co.jp/
株式会社DYM,https://dym.asia/
株式会社FXプライムbyGMO,https://www.fxprime.com/
株式会社TJMデザイン,https://www.tjmdesign.com/company/
株式会社アウトソーシングテクノロジー北日本・北関東ブロック,https://en-gage.net/ostechnology-saiyo
株式会社WDI JAPAN,https://www.wdi.co.jp/company
株式会社インターネットイニシアティブ,https://www.iij.ad.jp/
株式会社ガリバー,http://www.glv.ne.jp/
株式会社グロービス,https://www.globis.co.jp/
ワークスアイディ株式会社（Works ID Co.,Ltd.）
株式会社SAKURUG,https://sakurug.co.jp/
株式会社コンフィデンス,https://confidence-inc.jp/
株式会社ヨウジヤマモト,https://theshopyohjiyamamoto.jp/shop/pages/legal.aspx
株式会社エブリー,http://corp.every.tv/
株式会社キーワーズ・インターナショナル,https://www.keywordsstudios.com/?lang=ja
株式会社ATJC,https://atjc-it.jp/
株式会社ルトラ,https://www.rutla.jp/
株式会社三和ソリューション,https://www.swsk.co.jp/
株式会社ユアリッチ,https://en-gage.net/yourrich_saiyo/work_1855530/
オブザーブ株式会社,https://observe.co.jp/
株式会社SHIPS,https://www.shipsltd.co.jp/pages/company.aspx
株式会社RCIエージェンシー,http://rci-a.com/company/
株式会社ヒューマンネクスト,https://www.humannext.co.jp/
有限会社ケイシステムズ,http://www.cas-jp.com/
AIQVE ONE株式会社,https://www.aiqveone.co.jp/
株式会社要,https://kanamekey.com/
株式会社ＪＯ２,https://www.jo2.jp/
株式会社コレクタリアメイズ,http://www.correctaria.jp/correctaria/src/index.html
株式会社マリモ・グローバル・テクノロジー,https://www.marimo-gt.co.jp/
株式会社くすりの窓口,https://kusurinomadoguchi.co.jp/
株式会社Just.Assist,https://justassist.co.jp/
株式会社河合電器製作所,https://www.kawaidenki.co.jp/
株式会社モーション,https://www.motion.co.jp/
株式会社ＤＴＤ,http://www.sitaara.com/
株式会社樋口総合研究所,http://www.higuchi-consulting.com/
ピットクルー株式会社,https://www.pit-crew.co.jp/
株式会社ヒューマンウェイブ,https://www.human-wave.co.jp/
株式会社NOX,https://www.nox.co.jp/
E-kan株式会社,https://e-kan.tokyo/
株式会社HIBIKIソリューション,http://www.hibikisol.co.jp/
株式会社I2C,https://www.i2c.jp/
株式会社アイシティ情報,https://www.icity.co.jp/
サンヨー食品株式会社,https://www.sanyofoods.co.jp/
株式会社トランスアクト,http://trans-act.co.jp/
株式会社フュージョンワークス,http://www.fusionworks.co.jp/
株式会社通販王国,https://0120666350.com/fr/1
株式会社月島ファクトリー,https://moonisland.jp/
エラスティック合同会社,http://elastic-hjc.com/
株式会社SHISHI,http://www.shishi.co.jp/
株式会社イー・シー,http://www.ec-chance.jp/
株式会社メイクエイト,https://make8.jp/about
TDIシステムサービス株式会社,https://www.tdiss.co.jp/
株式会社ＬＩＢＥＴ,https://www.libet.co.jp/
フェリカポケットマーケティング株式会社,https://felicapocketmk.co.jp/
株式会社ゼディアレーゲン,https://www.zedia-g.jp/
株式会社エイジェック（九州エリア）,https://www.agekke.co.jp/map/fukuoka
株式会社BRIDGEX（ブリッジクス）,https://bridgex.jp/
株式会社ヒューマンウェア研究所,https://www.humanware-r.com/
株式会社アスヲミル,https://www.asuwomiru.co.jp/
株式会社北央情報サービス,https://www.hokuoh-js.co.jp/
株式会社エルハンド,http://www.el-hand.co.jp/
株式会社ウイナーグループ,https://www.goo-net.com/usedcar_shop/0500023/stock.html
デザイニストラボ株式会社,https://www.designist-lab.com/
iMEDIA株式会社,http://www.sdl-imedia.co.jp/
株式会社 Interfamilia,https://interfamilia.co.jp/about/
株式会社シンニチ,http://www.k-sn.co.jp/
株式会社インプローブ,https://improve-inc.net/company/
システムギア株式会社,https://www.systemgear.com/
株式会社エポック,https://www.epoch88.com/company/
株式会社JEMS,https://www.j-ems.jp/
株式会社TryAngle,https://www.tryangle-inc.co.jp/
エクサ・システムプランニング株式会社,http://exainc.co.jp/
株式会社日本シスラボ,https://jslabo.com/
株式会社アオラ,http://ahola.co.jp/
株式会社アルファTKG,https://a-tkg.com/
株式会社Blue Star,https://www.bluestar.jpn.com/
株式会社タスネット,https://www.tasnet.jp/
エム・ビー・エーインターナショナル株式会社,https://mba-international.jp/
株式会社レキサス,https://www.lexues.co.jp/
株式会社ギャンビット,https://www.gambit.co.jp/
有限会社ミッツコミュニケーションズ,https://www.mits-com.com/
株式会社写易,https://www.xieyi.co.jp/
Gcomホールディングス株式会社,https://www.gyoseiq.co.jp/
NRIデータiテック株式会社,https://www.n-itech.com/
SREホールディングス株式会社,https://sre-group.co.jp/
株式会社サンデーアーツ,https://sunday-ja.com/
株式会社イノアックコーポレーション,https://www.inoac.co.jp/
スキャネット株式会社,https://www.scanet.jp/
株式会社日本電計サービス,http://www.kk-nds.co.jp/
株式会社ビーブリッヂ,https://www.biibridge.com/
株式会社G.A.P,https://groupaplay.net/
株式会社リバイバル,https://revival-inc.jp/
ソフトマックス株式会社,http://www.s-max.co.jp/
Ascent Business Consulting株式会社,https://ascent-biz.com/
株式会社大成社,https://taiseisha.co.jp/
テクノブレイブ株式会社,https://www.tbrave.com/
株式会社ティービーケー・システムエンジニアリング,https://www.tbkse.co.jp/
株式会社アイズ,https://www.eyez.jp/
東海興業株式会社,http://www.tokaikogyo.co.jp/
医療法人マックシール 巽今宮病院,http://www.mcsyl.com/
株式会社光和マイクロプロジェクト,http://www.kouwa-gp.co.jp/
都築工業株式会社,http://www.tsuzuki-industry.co.jp/
株式会社ネットウェーブ,https://www.nw-web.co.jp/
株式会社講談社,https://www.kodansha.co.jp/
株式会社サーベイジシステム,https://www.survage.jp/
株式会社アビリティ,https://www.abinet.co.jp/
株式会社ベルテックソフト,http://www.belltechsoft.com/
リンクソフトウエア株式会社,https://www.link-software.co.jp/
株式会社ITコミュニケーションズ,https://www.it-comm.co.jp/
株式会社アップセットワン,https://upset1.com/
株式会社システムメイク,http://sysmake.co.jp/
株式会社ＹＴＴテクノロジー,http://www.ytttec.com/
株式会社フジワークＲ&Ｄ,https://www.fujiwork-rd.co.jp/
杉崎電機工業株式会社,https://sugiden-inc.jimdofree.com/
アイクラフト株式会社,https://www.icraft.jp/
雅通信,http://www.mi-ya-bi.net/company.html
株式会社テクニケーション,https://www.technication.co.jp/
株式会社トライビート,https://www.tribeat.com/
株式会社KOC,http://www.koc-net.jp/
株式会社まほろば工房,https://www.ate-mahoroba.jp/
株式会社 IRON RINGS,https://iron-rings.com/about_us.html
ロータスワークス株式会社,http://lotus-office.co.jp/
株式会社マネージ 新大阪事業所,http://www.manage.co.jp/office/office-shinosaka/
合同会社やまびこ屋,https://www.yamabikoya.com/
山口システム通信株式会社,https://yama-sys.co.jp/
ガイアリンク株式会社,http://www.gaialink.co.jp/
ザンシン株式会社,https://zanthing.com/
株式会社タキオン,http://www.takionsd.com/
株式会社 グラント,http://www.grt.co.jp/
株式会社ムラカミエンジニアリング,https://murakami-eng.jp/
株式会社エポック,https://epoch.jp/
株式会社フラット,https://flat-inc.site/
株式会社ENCOM,https://www.encom.cc/
Humanevalue株式会社,http://hmev.co.jp
株式会社ＦＵＴＵ－ＲＥ,https://www.future.co.jp/
株式会社アリス,https://www.aris-kk.co.jp/
4G Clinical合同会社,https://www.googleadservices.com/
株式会社MonotaRO,https://corp.monotaro.com/overview.html
株式会社システムエグゼ,https://www.system-exe.co.jp/
Bacallan株式会社,https://bacallan.com/
ウエストユニティス株式会社,https://www.westunitis.co.jp/
株式会社 NYK Business Systems,https://nykbs.co.jp/
株式会社ポリゴン・ピクチュアズ,http://www.ppi.co.jp/
マーケットワン・ジャパン有限責任事業組合,https://japan.marketone.com/about
サイボウズ株式会社,https://cybozu.co.jp/
17LIVE株式会社,https://jp.17.live/corpinfo/
株式会社セガ,http://www.sega.co.jp/
株式会社アドウェイズ,https://www.adways.net/
チームラボ株式会社,https://www.team-lab.com/
株式会社FRONTEO,https://www.fronteo.com/
株式会社ガリレオ/Galileo Co., Ltd.
日本タタ・コンサルタンシー・サービシズ株式会社,https://www.tcs.com/jp-ja/CorporateData
ＤＯＣ株式会社,https://www.doc-inc.com/
株式会社ファン・ファクトリー,http://www.funfactory.co.jp/
株式会社アイティフォー,https://www.itfor.co.jp/
株式会社スマレジ,https://corp.smaregi.jp/
株式会社クロスフィールド,https://crossfd.co.jp/
ランスタッド株式会社randstad technologiesエンジニア事業部,https://www.randstad.co.jp/technologies/
株式会社リッケイ,https://rikkeisoft.com/
株式会社日立ビルシステム,https://www.hbs.co.jp/
Humanevalue株式会社,http://hmev.co.jp
株式会社ファン・ファクトリー,http://www.funfactory.co.jp/
株式会社ヒューメインシステム,http://www.humane-systems.co.jp/
株式会社ポリゴン・ピクチュアズ,http://www.ppi.co.jp/
株式会社セガ,http://www.sega.co.jp/
スタートツーワン株式会社,http://www.start21.jp/
株式会社八興システムズ,http://yakou-systems.com/
株式会社ABI,https://abi-inc.co.jp/
株式会社アーチス,https://arches-jp.com/
Bacallan株式会社,https://bacallan.com/
株式会社C-mind,https://cmind-co.jp/
株式会社MonotaRO,https://corp.monotaro.com/overview.html
株式会社スマレジ,https://corp.smaregi.jp/
株式会社WOWOW,https://corporate.wowow.co.jp/
株式会社Crane&I,https://crane-i.co.jp/
株式会社クロスフィールド,https://crossfd.co.jp/
サイボウズ株式会社,https://cybozu.co.jp/
株式会社ECS,https://ecs.jp/
株式会社ｆｏｒＳｐｅｃ,https://forspec.co.jp/
マーケットワン・ジャパン有限責任事業組合,https://japan.marketone.com/about
About JELLYFISH, INC
17LIVE株式会社,https://jp.17.live/corpinfo/
ラーニンギフト株式会社,https://learningift.com/
株式会社ライコン,https://licon-iiis.com/
マッチスル株式会社,https://matchsul.com/
株式会社ニール,https://neil-inc.com/
株式会社 NYK Business Systems,https://nykbs.co.jp/
株式会社オルベック,https://orbeq.co.jp/
株式会社リッケイ,https://rikkeisoft.com/
サイオステクノロジー株式会社,https://sios.jp/
株式会社わさび,https://wasab.net/
株式会社ウォーターウィッシュ,https://water-wish.com/
株式会社ウィモーション,https://wemotion.co.jp/
株式会社ｗｉｌｄｉｄｅａ,https://wildidea.net/kaisyagaiou/
55株式会社,https://www.5go.life/
アビームシステムズ株式会社,https://www.abeam-s.com/
株式会社アドウェイズ,https://www.adways.net/
株式会社エイジェック,https://www.agekke.co.jp/
ハマゴムエイコム株式会社（横浜ゴムグループ）,https://www.aicom.co.jp/
株式会社ARIGATOBANK,https://www.arigatobank.co.jp/
株式会社アリス,https://www.aris-kk.co.jp/
株式会社アクシスウェア,https://www.axisware.co.jp/
株式会社ビリーフワークス,https://www.beliefworks.co.jp/
株式会社ビースタイルバリューテクノロジーズ,https://www.bstylegroup.co.jp/corporate/outline-valuetechnologies/
キヤノン電子テクノロジー株式会社,https://www.canon-electec.co.jp/
株式会社シベスピ,https://www.chivsp.com/
株式会社コスモ・インテリジェンス,https://www.cosmo-intelligence.com/
株式会社クレスコ,https://www.cresco.co.jp/
サイバーコム株式会社,https://www.cy-com.co.jp/
株式会社ダイフク,https://www.daifuku.com/jp/
ダイハツ工業株式会社,https://www.daihatsu.co.jp/top.htm
ＤＯＣ株式会社,https://www.doc-inc.com/
大日本住友製薬株式会社,https://www.ds-pharma.co.jp/
株式会社EDIX,https://www.edixweb.jp/
EGテスティングサービス株式会社,https://www.eg-testing.co.jp/
イー・ガーディアン株式会社,https://www.e-guardian.co.jp/
フェンリル株式会社,https://www.fenrir-inc.com/jp/
FOX HOUND株式会社,https://www.fox-hound.co.jp/home
株式会社FRONTEO,https://www.fronteo.com/
株式会社ＦＵＴＵ－ＲＥ,https://www.future.co.jp/
株式会社ガリレオ/Galileo Co., Ltd.
株式会社日立ビルシステム,https://www.hbs.co.jp/
HOYAデジタルソリューションズ株式会社,https://www.hoyads.com/
新東スマートエンジニアリング株式会社,https://www.ic-corp.jp/
株式会社アイモバイル,https://www.i-mobile.co.jp/
株式会社アイティフォー,https://www.itfor.co.jp/
株式会社ジュピターテレコム,https://www.jcom.co.jp/
日本情報株式会社,https://www.jicdom.co.jp/
JOHNAN株式会社,https://www.johnan.com/
KDDIまとめてオフィス株式会社,https://www.kddimatomete.com/
株式会社ココロザシ,https://www.kokorozashi-japan.co.jp/
株式会社国際テクノロジーセンター,https://www.ktcc.co.jp/
株式会社テレビ朝日メディアプレックス,https://www.mediaplex.co.jp/
株式会社メタップスペイメント,https://www.metaps-payment.com/
ｍｉｒａｃｌｅａｖｅ株式会社,https://www.miracleave.co.jp/
株式会社村田製作所,https://www.murata.com/ja-jp
ネットワンシステムズ株式会社,https://www.netone.co.jp/
日本ガイシ株式会社,https://www.ngk.co.jp/
株式会社日本M&Aセンター,https://www.nihon-ma.co.jp/
ニッポンインシュア株式会,https://www.nipponinsure.jp/
株式会社 日東テクノブレーン,https://www.nitto-tech.co.jp/
株式会社エヌエスシー東京営業所,https://www.nsc-inc.co.jp/%E3%81%8A%E7%A5%AD%E3%82%8A%E5%BA%83%E5%A0%B4/%E6%9D%B1%E4%BA%AC%E5%96%B6%E6%A5%AD%E6%89%80/
オイシックス・ラ・大地株式会社,https://www.oisixradaichi.co.jp/
株式会社アウトソーシングテクノロジー,https://www.ostechnology.co.jp/
PHCメディコム株式会社,https://www.phchd.com/jp/phcmn
サイコパスコンサルティング合同会社,https://www.psychopathconsulting.com/
ランスタッド株式会社randstad technologiesエンジニア事業部,https://www.randstad.co.jp/technologies/
株式会社S.B.C.,https://www.sbc-sol.co.jp/
シアトルコンサルティング株式会社,https://www.seattleconsulting.co.jp/
SBテクノロジー株式会社,https://www.softbanktech.co.jp/
株式会社システムエグゼ,https://www.system-exe.co.jp/
株式会社システナ,https://www.systena.co.jp/
日本タタ・コンサルタンシー・サービシズ株式会社,https://www.tcs.com/jp-ja/CorporateData
チームラボ株式会社,https://www.team-lab.com/
テクマトリックス株式会社,https://www.techmatrix.co.jp/index.html
株式会社東日本技術研究所,https://www.tounichi-g.co.jp/
株式会社トヨタシステムズ,https://www.toyotasystems.com/
トランスコスモス株式会社,https://www.trans-cosmos.co.jp/
株式会社宇部情報システム,https://www.uis-inf.co.jp/
Vareal株式会社,https://www.vareal.co.jp/
株式会社ウェブエッジ,https://www.webedge.jp/
ウエストユニティス株式会社,https://www.westunitis.co.jp/
株式会社安川電機,https://www.yaskawa.co.jp/
