url,html,label
http://delta-souken.co.jp/company/,"<input aria-invalid=""false"" aria-required=""true"" class=""wpcf7-form-control wpcf7-text wpcf7-validates-as-required"" name=""your-name"" placeholder=""例：山田　太郎"" size=""40"" type=""text"" value=""""/>",name
http://linlinc.co.jp/,"<input name=""name"" type=""text""/>",name
http://www.e-stag-e.co.jp/,"<input class=""wd80"" name=""氏名"" type=""text""/>",name
http://www.funfactory.co.jp/,"<input name=""お名前(必須)"" type=""text""/>",name
http://www.gryps.co.jp/,"<input name=""お名前"" required=""required"" type=""text""/>",name
http://www.ppi.co.jp/,"<input name=""name"" type=""text"" value=""""/>",name
http://yakou-systems.com/,"<input class=""c-form-block__input"" name=""氏名"" placeholder=""（例）山田 太郎"" type=""text"" value="""">
<input name=""required[]"" type=""hidden"" value=""氏名""/>
</input>",name
https://abi-inc.co.jp/,"<input aria-invalid=""false"" aria-required=""true"" class=""wpcf7-form-control wpcf7-text wpcf7-validates-as-required"" name=""your-name"" size=""40"" type=""text"" value=""""/>",name
https://avinton.com/,"<input aria-invalid=""false"" aria-required=""true"" class=""wpcf7-form-control wpcf7-text wpcf7-validates-as-required"" name=""your-name"" placeholder=""お名前（必須）/ Name"" size=""40"" type=""text"" value=""""/>",name
https://b-engineer.co.jp/,"<input aria-invalid=""false"" aria-required=""true"" class=""wpcf7-form-control wpcf7-text wpcf7-validates-as-required p-contact-form__input"" name=""user-name"" placeholder=""お名前(漢字)"" size=""40"" type=""text"" value=""""/>",name
https://beartail.jp/,"<input aria-invalid=""false"" aria-required=""true"" class=""wpcf7-form-control wpcf7-text wpcf7-validates-as-required"" name=""your-name"" placeholder=""例）山田太郎"" size=""40"" type=""text"" value=""""/>",name
https://bita.jp/,"<input class=""Input-sc-1lzf0bo-0 gLDaOr"" placeholder=""ビット 太郎"" type=""text"" value=""""/>",name
https://bps21.jp/,"<input autocapitalize=""off"" autocorrect=""off"" class=""i-type-text"" id=""i-name"" name=""name"" type=""text""/>",name
https://claudio-progress.co.jp/,"<input aria-invalid=""false"" aria-required=""true"" class=""wpcf7-form-control wpcf7-text wpcf7-validates-as-required"" maxlength=""200"" name=""your-name"" size=""200"" type=""text"" value=""""/>",name
https://cmind-co.jp/,"<input aria-invalid=""false"" aria-required=""true"" class=""wpcf7-form-control wpcf7-text wpcf7-validates-as-required"" name=""your-name"" size=""40"" type=""text"" value=""""/>",name
https://corp.karadanote.jp/,"<input aria-invalid=""false"" aria-required=""true"" class=""wpcf7-form-control wpcf7-text wpcf7-validates-as-required form-control input-lg"" name=""your-name"" placeholder=""例）山田太郎"" size=""40"" type=""text"" value=""""/>",name
https://crane-i.co.jp/,"<input name=""name"" type=""text""/>",name
https://crossfd.co.jp/,"<input class=""form-text"" name=""name"" placeholder=""例： 山田太郎"" type=""text"" value=""""/>",name
https://ecs.jp/,"<input class=""validate[required]"" id=""name"" name=""お名前"" required="""" type=""text""/>",name
https://flat-inc.site/,"<input class=""form_name validate[required]"" data-prompt-position=""bottomLeft"" name=""お名前"" placeholder=""例）山田太郎"" size=""60"" type=""text"" value=""""/>",name
https://growth-jp.com/,"<input aria-invalid=""false"" aria-required=""true"" class=""wpcf7-form-control wpcf7-text wpcf7-validates-as-required"" name=""tanto"" placeholder=""お名前をご入力下さい"" size=""40"" type=""text"" value=""""/>",name
https://isahaya-media.com/,"<input aria-invalid=""false"" aria-required=""true"" class=""wpcf7-form-control wpcf7-text wpcf7-validates-as-required"" name=""your-name"" placeholder=""諫早 太郎"" size=""40"" type=""text"" value=""""/>",name
https://jna.co.jp/,"<input name=""お名前"" size=""60"" type=""text"" value=""""/>",name
https://jpn-web.co.jp/,"<input class=""validate[required] input spmck"" id=""tanto"" name=""お名前"" placeholder=""ＪＷＳ 太郎"" rel=""required"" type=""text""/>",name
https://ki-no.co.jp/,"<input name=""name"" required="""" size=""30"" type=""text""/>",name
https://kotrio.co.jp/,"<input class=""form__control"" name=""reg_name"" placeholder=""山田太郎"" size=""60"" type=""text"" value=""""/>",name
https://licon-iiis.com/,"<input aria-invalid=""false"" aria-required=""true"" class=""wpcf7-form-control wpcf7-text wpcf7-validates-as-required"" name=""your-name"" placeholder=""お名前 &lt;必須&gt;"" size=""40"" type=""text"" value=""""/>",name
https://ondeli-japan.com/,"<input class=""form-control"" data-validation-required-message=""Please enter your name."" id=""name"" name=""name"" placeholder=""お名前*"" required=""required"" type=""text""/>",name
https://orbeq.co.jp/,"<input id=""incharge_name"" name=""incharge_name"" placeholder=""例）山田 太郎"" required=""required"" type=""text""/>",name
https://ppfpart.co.jp/,"<input aria-invalid=""false"" aria-required=""true"" class=""wpcf7-form-control wpcf7-text wpcf7-validates-as-required"" name=""your-name"" size=""40"" type=""text"" value=""""/>",name
https://precs.co.jp/,"<input aria-invalid=""false"" aria-required=""true"" class=""wpcf7-form-control wpcf7-text wpcf7-validates-as-required"" name=""your-name"" size=""40"" type=""text"" value=""""/>",name
https://quotec.co.jp/,"<input name=""お名前"" size=""20"" type=""text""/>",name
https://sumally.co.jp/,"<input class="""" id=""contact-inquiry-person-user-id"" placeholder="""" required="""" type=""text"" value=""""/>",name
https://wasab.net/,"<input name=""your-name"" size=""60"" type=""text"" value=""""/>",name
https://water-wish.com/,"<input aria-invalid=""false"" aria-required=""true"" class=""wpcf7-form-control wpcf7-text wpcf7-validates-as-required"" name=""your-name"" size=""40"" type=""text"" value=""""/>",name
https://wemotion.co.jp/,"<input aria-invalid=""false"" aria-required=""true"" class=""wpcf7-form-control wpcf7-text wpcf7-validates-as-required c-input"" name=""your-name"" placeholder=""ご担当者名をご入力ください。"" size=""40"" type=""text"" value=""""/>",name
https://www.3-ize.jp/,"<input name=""お名前"" size=""50"" type=""text""/>",name
https://www.aicom.co.jp/,"<input class=""validate required"" id=""name"" name=""name"" type=""text"" value=""""/>",name
https://www.allmedia.co.jp/,"<input class=""form-control"" data-errmsg=""氏名が未入力です。"" id=""InputName"" name=""name"" placeholder=""氏名を入力してください"" size=""38"" type=""text""/>",name
https://www.asl.co.jp/,"<input aria-invalid=""false"" aria-required=""true"" class=""wpcf7-form-control wpcf7-text wpcf7-validates-as-required formTxt"" name=""text-name"" size=""40"" type=""text"" value=""""/>",name
https://www.atfive.co.jp/,"<input aria-invalid=""false"" aria-required=""true"" class=""wpcf7-form-control wpcf7-text wpcf7-validates-as-required"" name=""your-name"" size=""40"" type=""text"" value=""""/>",name
https://www.bandainamcostudios.com/,"<input aria-invalid=""false"" aria-required=""true"" class=""wpcf7-form-control wpcf7-text wpcf7-validates-as-required"" name=""your-name"" placeholder=""例）山田　太郎"" size=""40"" type=""text"" value=""""/>",name
https://www.casleyconsulting.co.jp/,"<input id=""user_name"" name=""user_name"" type=""text"" value=""""/>",name
https://www.circulateline.jp/,"<input name=""お名前"" placeholder=""山田　太郎"" size=""60"" type=""text"" value=""""/>",name
https://www.cosmo-intelligence.com/,"<input class=""validate[required, custom[name]]"" id=""your_name"" name=""your_name"" type=""text"" value=""""/>",name
https://www.ctc.co.jp/,"<input name=""name"" placeholder=""例）中部 太郎"" type=""text"" value=""""/>",name
https://www.cy-com.co.jp/,"<input aria-invalid=""false"" aria-required=""true"" class=""wpcf7-form-control wpcf7-text wpcf7-validates-as-required"" name=""your-name"" size=""40"" type=""text"" value=""""/>",name
https://www.cygames.co.jp/,"<input id=""contact_name"" name=""contact_name"" type=""text"" value=""""/>",name
https://www.deporta.co.jp/,"<input class=""_1SOvY has-custom-focus"" id=""input_comp-k3dxe5jp"" maxlength=""100"" name=""*氏名"" placeholder="""" required="""" type=""text"" value=""""/>",name
https://www.designist-lab.com/,"<input aria-invalid=""false"" aria-required=""true"" class=""wpcf7-form-control wpcf7-text wpcf7-validates-as-required"" name=""your-name"" size=""40"" type=""text"" value=""""/>",name
https://www.ectomy.co.jp/,"<input aria-invalid=""false"" aria-required=""true"" class=""wpcf7-form-control wpcf7-text wpcf7-validates-as-required"" name=""your-name"" size=""40"" type=""text"" value=""""/>",name
https://www.edixweb.jp/,"<input aria-invalid=""false"" aria-required=""true"" class=""wpcf7-form-control wpcf7-text wpcf7-validates-as-required"" name=""your-name"" size=""40"" type=""text"" value=""""/>",name
https://www.eg-testing.co.jp/,"<input id=""userName"" name=""name"" placeholder=""【例】山田 太郎"" required="""" type=""text"" value=""""/>",name
https://www.emdes.co.jp/,"<input aria-invalid=""false"" aria-required=""true"" class=""wpcf7-form-control wpcf7-text wpcf7-validates-as-required"" name=""your-name"" placeholder=""例）田中　太郎"" size=""40"" type=""text"" value=""""/>",name
https://www.esr.co.jp/,"<input aria-invalid=""false"" aria-required=""true"" class=""wpcf7-form-control wpcf7-text wpcf7-validates-as-required textsp"" name=""your-name"" placeholder=""山田　花子"" size=""40"" type=""text"" value=""""/>",name
https://www.exeojapan.com/,"<input id=""contact-name"" maxlength=""128"" name=""name"" placeholder=""エクシオ太郎"" required="""" type=""text"" value=""""/>",name
https://www.faboc.co.jp/,"<input class=""form-deco"" name=""e_name"" placeholder=""例：山田太郎"" type=""text"" value=""""/>",name
https://www.ipi.co.jp/,"<input class=""_1SOvY has-custom-focus"" id=""input_comp-krcoflup"" maxlength=""100"" name=""名"" placeholder="" "" type=""text"" value=""""/>",name
https://www.jicdom.co.jp/,"<input class=""form-control"" name=""お名前"" size=""60"" type=""text"" value=""""/>",name
https://www.kaming-corp.com/ses,"<input aria-label=""お名前 *"" class=""_1SOvY has-custom-focus"" id=""input_comp-kf4domss"" maxlength=""100"" name=""お名前-*"" placeholder=""お名前 *"" required="""" type=""text"" value=""""/>",name
https://www.kcct.co.jp/,"<input class=""validate[required] text-input type_01"" data-prompt-position=""inline"" id=""name"" name=""name"" size=""30"" tabindex=""1"" type=""text"" value=""""/>",name
https://www.keiso.co.jp/,"<input id=""name"" name=""name"" required="""" type=""text""/>",name
https://www.kk-system.com/,"<input class=""form-control"" name=""name"" type=""text"" value=""""/>",name
https://www.ktcc.co.jp/,"<input class=""yName"" name=""yName"" placeholder=""例) 山田 太郎"" size=""60"" type=""text"" value=""""/>",name
https://www.link-software.co.jp/,"<input aria-invalid=""false"" aria-required=""true"" class=""wpcf7-form-control wpcf7-text wpcf7-validates-as-required"" name=""your-name"" placeholder=""例）山田 太郎"" size=""40"" type=""text"" value=""""/>",name
https://www.m-gild.com/,"<input autocomplete=""name"" id=""form-name"" maxlength=""20"" name=""お名前"" required="""" type=""text""/>",name
https://www.maruweb.co.jp/ja/,"<input aria-invalid=""false"" aria-required=""true"" class=""wpcf7-form-control wpcf7-text wpcf7-validates-as-required inputxt"" name=""tantou"" size=""40"" type=""text"" value=""""/>",name
https://www.mediaplex.co.jp/,"<input aria-invalid=""false"" aria-required=""true"" class=""wpcf7-form-control wpcf7-text wpcf7-validates-as-required"" name=""your-name"" size=""40"" type=""text"" value=""""/>",name
https://www.miracleave.co.jp/,"<input aria-invalid=""true"" aria-required=""true"" class=""cmn-input"" name=""name"" placeholder=""入力してください"" required="""" type=""text""/>",name
https://www.neo-s.jp/,"<input autocomplete=""name"" class=""fx-col-100-xs fx-col-75-m"" id=""name"" name=""_氏名"" required=""required"" type=""text""/>",name
https://www.net-tbc.co.jp/,"<input aria-invalid=""false"" aria-required=""true"" class=""wpcf7-form-control wpcf7-text wpcf7-validates-as-required"" name=""your-name"" size=""40"" type=""text"" value=""""/>",name
https://www.netcorp.jp/,"<input aria-invalid=""false"" aria-required=""true"" class=""wpcf7-form-control wpcf7-text wpcf7-validates-as-required w100per"" name=""your-name"" placeholder=""お名前をご記入ください"" size=""40"" type=""text"" value=""""/>",name
https://www.nitto-tech.co.jp/,"<input aria-invalid=""false"" aria-required=""true"" class=""wpcf7-form-control wpcf7-text wpcf7-validates-as-required"" name=""name1"" size=""40"" type=""text"" value=""""/>",name
https://www.prsys.jp/,"<input id=""name"" name=""name"" placeholder=""(例)山田 太郎"" size=""60"" type=""text"" value=""""/>",name
https://www.psychopathconsulting.com/,"<input aria-invalid=""false"" aria-required=""true"" class=""wpcf7-form-control wpcf7-text wpcf7-validates-as-required"" name=""your-name"" size=""40"" type=""text"" value=""""/>",name
https://www.reinonfunny.co.jp/,"<input class=""form-control"" name=""word2"" placeholder=""全角入力　例：東京　太郎"" type=""text""/>",name
https://www.sbc-sol.co.jp/,"<input autocomplete=""name"" name=""name_i"" placeholder=""例）山田　太郎"" type=""text""/>",name
https://www.seattleconsulting.co.jp/,"<input aria-invalid=""false"" aria-required=""true"" class=""wpcf7-form-control wpcf7-text wpcf7-validates-as-required form-control seattle-form__input"" name=""name-incharge"" placeholder=""例）シアトル 太郎"" size=""40"" type=""text"" value=""""/>",name
https://www.sitescope.co.jp/,"<input id=""name"" name=""name"" placeholder=""例）山田 太郎"" tabindex=""1"" type=""text"" value=""""/>",name
https://www.team-lab.com/,"<input class=""contact__body-item-input"" id=""name"" name=""qname"" type=""text"" value=""""/>",name
https://www.tomorrow-net.co.jp/,"<input class=""form-control"" name=""contact_data[name]"" placeholder=""山田　太郎"" required="""" type=""text""/>",name
https://www.toseisystems.co.jp/,"<input name=""お名前"" required="""" size=""28"" type=""text""/>",name
https://www.uis-inf.co.jp/,"<input id=""last_name"" name=""name"" style=""ime-mode:active"" type=""text""/>",name
https://www.unilabo.jp/,"<input name=""お名前"" placeholder=""山田 太郎"" size=""60"" type=""text"" value=""""/>",name
https://www.webedge.jp/,"<input aria-invalid=""false"" aria-required=""true"" class=""wpcf7-form-control wpcf7-text wpcf7-validates-as-required"" id=""name"" name=""your-name"" placeholder=""お名前"" size=""40"" type=""text"" value=""""/>",name
https://www.westunitis.co.jp/,"<input name=""name"" size=""60"" type=""text"" value=""""/>",name
https://www.y-i-groupinc.jp/,"<input aria-invalid=""false"" aria-required=""true"" class=""wpcf7-form-control wpcf7-text wpcf7-validates-as-required"" name=""your-name"" size=""40"" type=""text"" value=""""/>",name
https://www.yume-tec.co.jp/,"<input aria-invalid=""false"" aria-required=""true"" class=""wpcf7-form-control wpcf7-text wpcf7-validates-as-required"" name=""your-name"" size=""40"" type=""text"" value=""""/>",name
https://yig-solution.co.jp/,"<input aria-invalid=""false"" aria-required=""true"" class=""wpcf7-form-control wpcf7-text wpcf7-validates-as-required"" name=""your-name"" size=""40"" type=""text"" value=""""/>",name
https://yokota-ent.com/,"<input aria-invalid=""false"" aria-required=""true"" class=""wpcf7-form-control wpcf7-text wpcf7-validates-as-required"" name=""your-name"" placeholder=""横田　縁太"" size=""40"" type=""text"" value=""""/>",name
https://zelo.jp/,"<input aria-invalid=""false"" aria-required=""true"" class=""wpcf7-form-control wpcf7-text wpcf7-validates-as-required"" name=""your-name"" placeholder=""田中 太郎"" size=""40"" type=""text"" value=""""/>",name
https://ascent-biz.com/,"<input aria-invalid=""false"" aria-required=""true"" class=""wpcf7-form-control wpcf7-text wpcf7-validates-as-required"" name=""your-name"" size=""40"" type=""text"" value=""""/>",name
https://buono-inc.jp/,"<input class=""form-control"" id=""name"" name=""name"" placeholder=""お名前 / Name（必須）"" required="""" type=""text"" value=""""/>",name
https://groundinc.co.jp/,"<input id=""full_name"" name=""full_name"" placeholder="""" size=""20"" type=""text""/>",name
https://active-it.co.jp/,"<input aria-invalid=""false"" aria-required=""true"" class=""wpcf7-form-control wpcf7-text wpcf7-validates-as-required"" id=""name"" name=""your-name"" placeholder=""ex)山田　太郎"" size=""40"" type=""text"" value=""""/>",name
https://korat.co.jp/,"<input class=""form-control"" id=""name"" name=""お名前"" placeholder=""Name*"" required=""required"" type=""text""/>",name
https://www.techvan.co.jp/,"<input class=""elq-item-input"" id=""fe3747"" name=""name1_1-100"" style=""width:100%;"" type=""text"" value=""""/>",name
https://rootriff.com/,"<input aria-invalid=""false"" aria-required=""true"" class=""wpcf7-form-control wpcf7-text wpcf7-validates-as-required"" name=""your-name"" size=""40"" type=""text"" value=""""/>",name
https://bties.co.jp/,"<input aria-invalid=""false"" aria-required=""true"" class=""wpcf7-form-control wpcf7-text wpcf7-validates-as-required"" name=""your-name"" size=""40"" type=""text"" value=""""/>",name
https://www.esna.jp/,"<input name=""namae"" type=""text"" value=""""/>",name
https://fan-dream.co.jp/,"<input class=""user_profile name"" id=""inquiry_item_name"" name=""name"" type=""text"" value=""""/>",name
https://lainz.jp/,"<input class=""p-contact-form__input"" name=""お名前"" size=""60"" type=""text"" value=""""/>",name
http://rising-ne.jp/,"<input class=""form-control"" id=""pirate-forms-contact-subject"" name=""pirate-forms-contact-subject"" placeholder=""担当者名（必須）"" required="""" type=""text"" value=""""/>",name
http://t2agency330.jp/,"<input aria-invalid=""false"" aria-required=""true"" class=""wpcf7-form-control wpcf7-text wpcf7-validates-as-required"" name=""your-name"" size=""40"" type=""text"" value=""""/>",name
https://www.wing-net.co.jp/,"<input id=""name_s"" name=""name_s"" size=""30"" type=""text""/>",name
http://www.art-sys.co.jp/,"<input id=""customerName"" maxlenght=""500"" name=""customerName"" placeholder=""例） 田中 太郎"" type=""text"" value=""""/>",name
http://www.anpiel.com/,"<input aria-invalid=""false"" aria-required=""true"" class=""wpcf7-form-control wpcf7-text wpcf7-validates-as-required"" name=""your-name"" size=""40"" type=""text"" value=""""/>",name
https://vitoria.co.jp/,"<input id=""name"" name=""name"" placeholder=""田中　太郎"" size=""60"" type=""text"" value=""""/>",name
https://www.good-works.co.jp/,"<input aria-invalid=""false"" aria-required=""true"" class=""wpcf7-form-control wpcf7-text wpcf7-validates-as-required your-name"" id=""your-name"" name=""your-name"" placeholder=""例）田中　太郎"" size=""40"" type=""text"" value=""""/>",name
https://www.cosmedia.co.jp/,"<input id=""name01"" name=""name01"" type=""text""/>",name
https://www.survage.jp/,"<input class=""contents_form-field"" id=""name"" name=""name"" placeholder="""" type=""text"" value=""""/>",name
http://www.kkgic.co.jp/,"<input name=""name"" type=""text""/>",name
https://www.tasnet.jp/,"<input class=""input_area"" id=""staff_name"" name=""name"" type=""text""/>",name
https://www.t-answer.jp/,"<input class=""size_m"" name=""name"" placeholder=""例）山田 太郎"" type=""text"" value=""""/>",name
http://www.four-j.com/,"<input name=""name"" size=""30"" type=""text""/>",name
http://www.prinetz.co.jp/,"<input class=""form-jpn"" id=""name"" name=""ご担当者の氏名"" size=""30"" type=""text""/>",name
https://www.reglecasse.co.jp/,"<input aria-invalid=""false"" aria-required=""true"" class=""wpcf7-form-control wpcf7-text wpcf7-validates-as-required formText"" maxlength=""50"" name=""your-name"" placeholder=""山田 太郎"" size=""40"" type=""text"" value=""""/>",name
https://www.founder.co.jp/,"<input aria-invalid=""false"" aria-required=""true"" class=""wpcf7-form-control wpcf7-text wpcf7-validates-as-required"" name=""your-name"" size=""40"" type=""text"" value=""""/>",name
https://www.bemac-jp.com/,"<input aria-invalid=""false"" aria-required=""true"" class=""wpcf7-form-control wpcf7-text wpcf7-validates-as-required borStyle full"" name=""fname"" size=""40"" type=""text"" value=""""/>",name
https://www.crodot.jp/,"<input name=""お名前"" size=""40"" type=""text""/>",name
https://www.so-tech.co.jp/service,"<input class=""required validate"" id=""name"" name=""name"" placeholder=""例) 中小テク郎"" type=""text"" value=""""/>",name
https://i-fromdata.co.jp/,"<input aria-invalid=""false"" aria-required=""true"" class=""wpcf7-form-control wpcf7-text wpcf7-validates-as-required"" name=""your-name"" size=""40"" type=""text"" value=""""/>",name
https://www.artemis-tech.jp/,"<input class=""_1SOvY has-custom-focus"" id=""input_comp-k38gk6fh"" maxlength=""100"" name=""お名前"" placeholder=""お名前"" required="""" type=""text"" value=""""/>",name
https://www.eps.co.jp/ja/service/index.html,"<input class=""text_name validate[required]"" maxlength=""255"" minlength=""1"" name=""name"" placeholder=""例：山田 太郎"" required="""" type=""text"" value=""""/>",name
https://globalpreneurs.jp/,"<input aria-invalid=""false"" aria-required=""true"" class=""wpcf7-form-control wpcf7-text wpcf7-validates-as-required"" name=""your-name"" size=""40"" type=""text"" value=""""/>",name
https://corporate.coincheck.com/,"<input id=""name"" name=""name"" ng-if=""!current_account.name"" ng-model=""contact.name"" ng-required=""isRequiredInput(selectedCategory.input_setting_name)"" placeholder=""例) 山田　太郎"" type=""text""/>",name
http://www.scigineer.co.jp/,"<input class=""required-srt"" name=""お名前"" size=""60"" type=""text"" value=""""/>",name
https://dalab.jp/,"<input aria-invalid=""false"" aria-required=""true"" class=""wpcf7-form-control wpcf7-text wpcf7-validates-as-required"" name=""your-name"" placeholder=""氏名を入力してください"" size=""40"" type=""text"" value=""""/>",name
http://www.next-move.co.jp/,"<input aria-invalid=""false"" aria-required=""true"" class=""wpcf7-form-control wpcf7-text wpcf7-validates-as-required textsp"" name=""your-name"" size=""40"" type=""text"" value=""""/>",name
https://www2.mebix.co.jp/,"<input aria-invalid=""false"" aria-required=""true"" class=""wpcf7-form-control wpcf7-text wpcf7-validates-as-required textsp"" name=""your-name"" placeholder=""目尾　太郎"" size=""40"" type=""text"" value=""""/>",name
https://beatfit.jp/,"<input aria-invalid=""false"" aria-required=""true"" class=""wpcf7-form-control wpcf7-text wpcf7-validates-as-required"" name=""your-name"" placeholder=""山田太郎"" size=""40"" type=""text"" value=""""/>",name
http://www.feat-inc.com/,"<input class=""middle fullwidth-kana"" name=""ご担当者名"" type=""text"" value=""""/>",name
https://www.qrestia.com/,"<input class=""form-control"" id=""id_name"" name=""name"" placeholder=""お名前を入力してください"" required="""" type=""text""/>",name
https://shishimaro.co.jp/,"<input aria-invalid=""false"" aria-required=""true"" class=""wpcf7-form-control wpcf7-text wpcf7-validates-as-required"" name=""your-name"" placeholder=""例：しし　まろ"" size=""40"" type=""text"" value=""""/>",name
https://zerofield.biz//,"<input aria-invalid=""false"" aria-required=""true"" class=""wpcf7-form-control wpcf7-text wpcf7-validates-as-required name"" name=""fname"" size=""40"" type=""text"" value=""""/>",name
https://www.livesense.co.jp/,"<input class=""input input-md"" name=""sender"" placeholder=""山田　太郎"" size=""60"" type=""text"" value=""""/>",name
https://10antz.co.jp/,"<input id=""name"" name=""name"" size=""60"" type=""text"" value=""""/>",name
https://www.curicle.jp/,"<input aria-invalid=""false"" aria-required=""true"" class=""wpcf7-form-control wpcf7-text wpcf7-validates-as-required"" name=""your-name"" size=""40"" type=""text"" value=""""/>",name
https://www.free-brain.co.jp/,"<input aria-invalid=""false"" aria-required=""true"" class=""wpcf7-form-control wpcf7-text wpcf7-validates-as-required"" name=""your-name"" size=""40"" type=""text"" value=""""/>",name
https://www.mcdata.co.jp/,"<input name=""mw-name"" placeholder=""氏名をご記入ください"" size=""60"" type=""text"" value=""""/>",name
https://www.mylevel.co.jp/,"<input id=""customform_name_2c312eb0fc9abc8f6ddadc40d1d563a1"" name=""customform_name"" size=""30"" type=""text""/>",name
https://www.adways.net/,"<input class=""validate[required] text-input is_item_set"" data-errormessage-value-missing=""ご担当者氏名が入力されていません"" maxlength=""100"" name=""contact_person_name"" required="""" type=""text""/>",name
https://www.aperza.com/corp/,"<input name=""お名前"" placeholder=""お名前を入力してください。"" size=""60"" type=""text"" value=""""/>",name
https://ideal-architects.co.jp/,"<input aria-invalid=""false"" aria-required=""true"" class=""wpcf7-form-control wpcf7-text wpcf7-validates-as-required"" name=""your-name"" size=""40"" type=""text"" value=""""/>",name
https://infrontinc.co.jp/,"<input aria-invalid=""false"" aria-required=""true"" class=""wpcf7-form-control wpcf7-text wpcf7-validates-as-required"" maxlength=""100"" name=""your-name"" placeholder=""(例:山田太郎)"" size=""30"" type=""text"" value=""""/>",name
https://gruff.co.jp/,"<input class=""form--input"" name=""氏名"" placeholder=""山田　太郎"" type=""text"" value=""""/>",name
https://www.vlcank.com/mr/,"<input class=""size40"" name=""name1"" size=""60"" type=""text"" value=""""/>",name
http://www.seven-to-one.com/,"<input aria-label=""お名前 *"" class=""_1SOvY has-custom-focus"" id=""input_comp-kf5y83ak"" maxlength=""100"" name=""お名前-*"" placeholder=""お名前 *"" required="""" type=""text"" value=""""/>",name
https://diamond-f.co.jp/,"<input class=""sizeM"" name=""contactname"" size=""60"" type=""text"" value=""""/>",name
https://www.dhorizon.co.jp/,"<input class=""text_m"" name=""氏名"" type=""text""/>",name
https://bandainamco-nexus.co.jp/,"<input class=""entry-form__text entry-form__name"" id=""form_name"" name=""name"" size=""60"" type=""text"" value=""""/>",name
https://beyondthedata.co.jp/,"<input class=""c-form-input-text"" data-js-myform-field=""お名前"" name=""your-name"" type=""text""/>",name
http://delta-souken.co.jp/company/,"<input aria-invalid=""false"" aria-required=""true"" class=""wpcf7-form-control wpcf7-text wpcf7-validates-as-required"" name=""text-809"" placeholder=""例：ヤマダ　タロウ"" size=""40"" type=""text"" value=""""/>",name_furi
http://www.e-stag-e.co.jp/,"<input class=""wd80"" name=""氏名(フリガナ)"" type=""text""/>",name_furi
http://www.funfactory.co.jp/,"<input name=""フリガナ(必須)"" type=""text""/>",name_furi
https://abi-inc.co.jp/,"<input aria-invalid=""false"" class=""wpcf7-form-control wpcf7-text"" name=""your-kana"" size=""40"" type=""text"" value=""""/>",name_furi
https://b-engineer.co.jp/,"<input aria-invalid=""false"" aria-required=""true"" class=""wpcf7-form-control wpcf7-text wpcf7-validates-as-required p-contact-form__input"" name=""user-name-kana"" placeholder=""お名前(カナ)"" size=""40"" type=""text"" value=""""/>",name_furi
https://bita.jp/,"<input class=""Input-sc-1lzf0bo-0 gLDaOr"" placeholder=""びっと たろう"" type=""text"" value=""""/>",name_furi
https://cmind-co.jp/,"<input aria-invalid=""false"" aria-required=""true"" class=""wpcf7-form-control wpcf7-text wpcf7-validates-as-required"" name=""your-name-kana"" size=""40"" type=""text"" value=""""/>",name_furi
https://crane-i.co.jp/,"<input name=""ruby"" type=""text""/>",name_furi
https://crossfd.co.jp/,"<input class=""form-text"" name=""kana"" placeholder=""例： ヤマダタロウ"" type=""text"" value=""""/>",name_furi
https://flat-inc.site/,"<input class=""form_name validate[required]"" data-prompt-position=""bottomLeft"" name=""ふりがな"" placeholder=""例）やまだたろう"" size=""60"" type=""text"" value=""""/>",name_furi
https://isahaya-media.com/,"<input aria-invalid=""false"" aria-required=""true"" class=""wpcf7-form-control wpcf7-text wpcf7-validates-as-required"" name=""your-name-kana"" placeholder=""イサハヤ タロウ"" size=""40"" type=""text"" value=""""/>",name_furi
https://licon-iiis.com/,"<input aria-invalid=""false"" aria-required=""true"" class=""wpcf7-form-control wpcf7-text wpcf7-validates-as-required"" name=""your-ruby"" placeholder=""ふりがな &lt;必須&gt;"" size=""40"" type=""text"" value=""""/>",name_furi
https://orbeq.co.jp/,"<input id=""incharge_name_furigana"" name=""incharge_name_furigana"" placeholder=""例）ヤマダ タロウ"" required=""required"" type=""text""/>",name_furi
https://www.aicom.co.jp/,"<input class=""validate required"" id=""furigana"" name=""furigana"" type=""text""/>",name_furi
https://www.allmedia.co.jp/,"<input class=""form-control"" data-errmsg=""氏名が未入力です。"" id=""InputKana"" name=""kana"" placeholder=""氏名（カナ）を入力してください"" size=""38"" type=""text""/>",name_furi
https://www.asl.co.jp/,"<input aria-invalid=""false"" aria-required=""true"" class=""wpcf7-form-control wpcf7-text wpcf7-validates-as-required formTxt"" name=""text-kana"" size=""40"" type=""text"" value=""""/>",name_furi
https://www.bandainamcostudios.com/,"<input aria-invalid=""false"" class=""wpcf7-form-control wpcf7-text"" name=""kana"" placeholder=""例）ヤマダ　タロウ"" size=""40"" type=""text"" value=""""/>",name_furi
https://www.circulateline.jp/,"<input name=""フリガナ"" placeholder=""ヤマダ　タロウ"" size=""60"" type=""text"" value=""""/>",name_furi
https://www.ctc.co.jp/,"<input name=""kana"" placeholder=""例）ちゅうぶ たろう"" type=""text"" value=""""/>",name_furi
https://www.cygames.co.jp/,"<input id=""contact_kana"" name=""contact_kana"" type=""text"" value=""""/>",name_furi
https://www.ectomy.co.jp/,"<input aria-invalid=""false"" aria-required=""true"" class=""wpcf7-form-control wpcf7-text wpcf7-validates-as-required"" name=""your-kana"" size=""40"" type=""text"" value=""""/>",name_furi
https://www.eg-testing.co.jp/,"<input id=""userNameKana"" name=""name2"" placeholder=""【例】ヤマダ タロウ"" required="""" type=""text"" value=""""/>",name_furi
https://www.exeojapan.com/,"<input id=""contact-kana"" maxlength=""128"" name=""kana"" placeholder=""エクシオタロウ"" required="""" type=""text"" value=""""/>",name_furi
https://www.ipi.co.jp/,"<input class=""_1SOvY has-custom-focus"" id=""input_comp-krcoflv11"" maxlength=""100"" name=""フリガナ"" placeholder="" "" type=""text"" value=""""/>",name_furi
https://www.jicdom.co.jp/,"<input class=""form-control"" name=""フリガナ"" size=""60"" type=""text"" value=""""/>",name_furi
https://www.kcct.co.jp/,"<input id=""furigana-n"" name=""furigana-n"" size=""30"" tabindex=""2"" type=""text"" value=""""/>",name_furi
https://www.kk-system.com/,"<input class=""form-control"" name=""kana1"" type=""text"" value=""""/>",name_furi
https://www.ktcc.co.jp/,"<input class=""yNameF"" name=""yNameF"" placeholder=""例) ヤマダ タロウ"" size=""60"" type=""text"" value=""""/>",name_furi
https://www.link-software.co.jp/,"<input aria-invalid=""false"" aria-required=""true"" class=""wpcf7-form-control wpcf7-text wpcf7-validates-as-required"" name=""your-furigana"" placeholder=""例）ヤマダ　タロウ"" size=""40"" type=""text"" value=""""/>",name_furi
https://www.m-gild.com/,"<input id=""form-kana"" maxlength=""20"" name=""お名前（カナ）"" type=""text""/>",name_furi
https://www.maruweb.co.jp/ja/,"<input aria-invalid=""false"" aria-required=""true"" class=""wpcf7-form-control wpcf7-text wpcf7-validates-as-required inputxt"" name=""kana"" size=""40"" type=""text"" value=""""/>",name_furi
https://www.neo-s.jp/,"<input class=""fx-col-100-xs fx-col-75-m"" id=""phonetic"" name=""_フリガナ"" required=""required"" type=""text""/>",name_furi
https://www.net-tbc.co.jp/,"<input aria-invalid=""false"" aria-required=""true"" class=""wpcf7-form-control wpcf7-text wpcf7-validates-as-required"" name=""your-ruby"" size=""40"" type=""text"" value=""""/>",name_furi
https://www.nitto-tech.co.jp/,"<input aria-invalid=""false"" class=""wpcf7-form-control wpcf7-text"" name=""name2"" size=""40"" type=""text"" value=""""/>",name_furi
https://www.prsys.jp/,"<input id=""furi"" name=""furi"" placeholder=""(例)やまだ たろう"" size=""60"" type=""text"" value=""""/>",name_furi
https://www.sbc-sol.co.jp/,"<input name=""kana"" placeholder=""例）やまだ　たろう"" type=""text""/>",name_furi
https://www.seattleconsulting.co.jp/,"<input aria-invalid=""false"" class=""wpcf7-form-control wpcf7-text form-control seattle-form__input"" name=""name-incharge-kana"" placeholder=""例）しあとる たろう"" size=""40"" type=""text"" value=""""/>",name_furi
https://www.tomorrow-net.co.jp/,"<input class=""form-control"" name=""contact_data[furigana]"" pattern=""[ァ-ヴー\s　]+"" placeholder=""ヤマダ　タロウ"" required="""" type=""text""/>",name_furi
https://www.unilabo.jp/,"<input name=""お名前フリガナ"" placeholder=""ヤマダ タロウ"" size=""60"" type=""text"" value=""""/>",name_furi
https://www.webedge.jp/,"<input aria-invalid=""false"" aria-required=""true"" class=""wpcf7-form-control wpcf7-text wpcf7-validates-as-required"" id=""kana"" name=""kana"" placeholder=""オナマエ"" size=""40"" type=""text"" value=""""/>",name_furi
https://www.westunitis.co.jp/,"<input name=""kana"" size=""60"" type=""text"" value=""""/>",name_furi
https://yokota-ent.com/,"<input aria-invalid=""false"" aria-required=""true"" class=""wpcf7-form-control wpcf7-text wpcf7-validates-as-required"" name=""your-furigana"" placeholder=""ヨコタ　エンタ"" size=""40"" type=""text"" value=""""/>",name_furi
https://ascent-biz.com/,"<input aria-invalid=""false"" class=""wpcf7-form-control wpcf7-text"" name=""your-name-kana"" size=""40"" type=""text"" value=""""/>",name_furi
https://groundinc.co.jp/,"<input id=""kana_name"" name=""kana_name"" placeholder="""" size=""20"" type=""text""/>",name_furi
https://www.techvan.co.jp/,"<input class=""elq-item-input"" id=""fe3748"" name=""nameKana1_0-100"" style=""width:100%;"" type=""text"" value=""""/>",name_furi
https://bties.co.jp/,"<input aria-invalid=""false"" aria-required=""true"" class=""wpcf7-form-control wpcf7-text wpcf7-validates-as-required"" name=""your-name-kana"" size=""40"" type=""text"" value=""""/>",name_furi
https://www.esna.jp/,"<input name=""furigana"" type=""text"" value=""""/>",name_furi
https://lainz.jp/,"<input class=""p-contact-form__input"" name=""フリガナ"" size=""60"" type=""text"" value=""""/>",name_furi
https://www.wing-net.co.jp/,"<input id=""furi_s"" name=""furi_s"" size=""30"" type=""text""/>",name_furi
http://www.art-sys.co.jp/,"<input id=""customerNameKana"" maxlenght=""500"" name=""customerNameKana"" placeholder=""例）タナカ タロウ"" type=""text"" value=""""/>",name_furi
https://vitoria.co.jp/,"<input id=""hiragana"" name=""hiragana"" placeholder=""たなか　たろう"" size=""60"" type=""text"" value=""""/>",name_furi
https://www.cosmedia.co.jp/,"<input id=""name02"" name=""name02"" type=""text""/>",name_furi
https://www.tasnet.jp/,"<input class=""input_area"" id=""furigana"" name=""furi"" type=""text""/>",name_furi
https://www.t-answer.jp/,"<input class=""size_m"" name=""kana"" placeholder=""例）やまだ たろう"" type=""text"" value=""""/>",name_furi
http://www.prinetz.co.jp/,"<input class=""form-jpn"" id=""name2"" name=""フリガナ"" size=""30"" type=""text""/>",name_furi
https://www.founder.co.jp/,"<input aria-invalid=""false"" aria-required=""true"" class=""wpcf7-form-control wpcf7-text wpcf7-validates-as-required"" name=""your-name2"" size=""40"" type=""text"" value=""""/>",name_furi
https://www.bemac-jp.com/,"<input aria-invalid=""false"" aria-required=""true"" class=""wpcf7-form-control wpcf7-text wpcf7-validates-as-required borStyle full"" name=""furigana"" size=""40"" type=""text"" value=""""/>",name_furi
https://dalab.jp/,"<input aria-invalid=""false"" aria-required=""true"" class=""wpcf7-form-control wpcf7-text wpcf7-validates-as-required"" name=""your-name-kana"" placeholder=""フリガナを入力してください"" size=""40"" type=""text"" value=""""/>",name_furi
http://www.feat-inc.com/,"<input class=""middle"" name=""ご担当者名フリガナ"" type=""text"" value=""""/>",name_furi
https://www.livesense.co.jp/,"<input class=""input input-md"" name=""kana"" placeholder=""ヤマダ　タロウ"" size=""60"" type=""text"" value=""""/>",name_furi
https://www.mylevel.co.jp/,"<input id=""customform_kana_2c312eb0fc9abc8f6ddadc40d1d563a1"" name=""customform_kana"" size=""30"" type=""text""/>",name_furi
https://infrontinc.co.jp/,"<input aria-invalid=""false"" class=""wpcf7-form-control wpcf7-text"" maxlength=""100"" name=""your-name_kana"" placeholder=""(例:ヤマダタロウ)"" size=""30"" type=""text"" value=""""/>",name_furi
https://gruff.co.jp/,"<input class=""form--input"" name=""フリガナ"" placeholder=""ヤマダ　タロウ"" type=""text"" value=""""/>",name_furi
https://www.vlcank.com/mr/,"<input class=""size40"" name=""name2"" size=""60"" type=""text"" value=""""/>",name_furi
https://diamond-f.co.jp/,"<input class=""sizeM"" name=""contactkana"" size=""60"" type=""text"" value=""""/>",name_furi
https://bandainamco-nexus.co.jp/,"<input class=""entry-form__text entry-form__name"" id=""form_name_kana"" name=""name_kana"" size=""60"" type=""text"" value=""""/>",name_furi
https://beyondthedata.co.jp/,"<input class=""c-form-input-text"" data-js-myform-field=""ふりがな"" name=""your-kana"" type=""text""/>",name_furi