URL,wrong url
https://www.alhinc.jp/,OK
https://ascent-biz.com/,OK
https://buono-inc.jp/,OK
https://colorful-inc.jp/,contact page not found
https://www.cvcf.co.jp/,contact form not found
https://www.cynapse.xyz/,contact form not found
https://groundinc.co.jp/,OK
https://active-it.co.jp/,OK
http://www.accresco.jp/,contact form not found
http://exainc.co.jp/,contact page not found
http://nagatake.co.jp/nic/,contact form not found
https://www.mahandling.com/,contact form not found
https://cocoo.co.jp/,contact form not found
https://www.ct-net.co.jp/,contact form not found
https://korat.co.jp/,OK
https://jctec.jp/,contact form not found
https://www.system-pack.co.jp/,OK
https://www.centrans.co.jp/,contact form not found
https://soft-hyperion.com/,contact form not found
https://www.techvan.co.jp/,OK
https://www.totec.jp/,contact form not found
https://www.tempstaff.co.jp/,contact form not found
https://www.persol-pt.co.jp/,contact form not found
https://porthofner.co.jp/,OK
https://www.uniadex.co.jp/,contact form not found
https://rootriff.com/,OK
http://r-lupin.co.jp/,OK
https://www.nttdata.com/jp/ja/,contact form not found
https://atl-info.co.jp/,contact form not found
https://bties.co.jp/,OK
http://www.ecbo-sq.com/,contact form not found
https://www.esna.jp/,OK
https://fan-dream.co.jp/,OK
https://www.dorakuken.co.jp/,unexpected error
https://kcs-net.co.jp/,contact form not found
https://lainz.jp/,OK
https://www.mirate.co.jp/,contact form not found
https://www.nexco-sys.co.jp/,contact form not found
http://rising-ne.jp/,OK
https://www.shiftinc.jp/,OK
http://t2agency330.jp/,OK
https://www.modis-vsn.jp/,contact page not found
http://www.correctaria.jp/correctaria/src/index.html,OK
https://www.wing-net.co.jp/,OK
http://www.art-sys.co.jp/,OK
https://www.eco-imex.co.jp/,OK
https://www.ostechnology.co.jp/,OK
http://www.anpiel.com/,OK
https://www.even.co.jp/,OK
https://intelligible.work/,OK
https://vitoria.co.jp/,OK
https://willof-work.co.jp/,contact form not found
http://www.asc-net.co.jp/,contact form not found
https://sie.co.jp/,contact page not found
https://www.sky-egg.jp/,contact form not found
https://www.kizuna-jpn.co.jp/,OK
https://www.good-works.co.jp/,OK
https://www.crie.co.jp/,OK
https://www.globalsystems.co.jp/,contact form not found
https://www.cosmedia.co.jp/,OK
https://www.survage.jp/,OK
http://www.kkgic.co.jp/,OK
http://www.sysrun.co.jp/,contact page not found
https://www.022022.net/,contact form not found
https://www.sailing.ne.jp/,contact page not found
https://www.seraku.co.jp/,contact form not found
https://socialcom.co.jp/,OK
http://www.sccom.co.jp/,contact page not found
https://www.tasnet.jp/,OK
https://www.t-answer.jp/,OK
http://www.twalker.co.jp/,OK
https://www.nextep.jp/,OK
https://www.next-japan.co.jp/,OK
http://www.humane-systems.co.jp/,contact page not found
http://www.four-j.com/,OK
http://www.prinetz.co.jp/,OK
https://mancapi.com/,contact form not found
https://www.reglecasse.co.jp/,OK
https://www.mamezou.com/,contact form not found
http://www.tbcs.co.jp/,contact form not found
https://www.nippon-antenna.co.jp/ja/index.html,contact form not found
https://www.nsu.co.jp/,contact form not found
https://www.founder.co.jp/,OK
https://laboro.ai/,contact form not found
https://www.au-cl.co.jp/,contact form not found
https://www.bemac-jp.com/,OK
https://corp.chatwork.com/ja/,contact form not found
https://datumstudio.jp/,contact form not found
https://dely.jp/,contact page not found
https://www.crodot.jp/,OK
https://www.shinnihon.or.jp/,contact form not found
https://fabeee.co.jp/,contact form not found
https://corp.freee.co.jp/,contact form not found
https://www.gmo.jp/,contact form not found
https://home.kpmg/jp/ja/home/about/fas.html,contact form not found
https://linecorp.com/ja/,contact page not found
https://note.jp/,unexpected error
https://www.nttr.co.jp/,OK
https://about.paypay.ne.jp/,contact form not found
https://jp.corp-sansan.com/,OK
https://www.sbigroup.co.jp/,contact form not found
https://www.so-tech.co.jp/service,OK
https://www.scskwin.com/,contact form not found
https://i-fromdata.co.jp/,OK
https://www.iret.co.jp/,contact form not found
https://www.artemis-tech.jp/,OK
https://www.eps.co.jp/ja/service/index.html,OK
https://www.intageholdings.co.jp/,contact form not found
https://www.ex-ture.com/,OK
https://www.edge-tech.co.jp/,contact form not found
https://recruit.m3dc.co.jp/index.html,contact page not found
https://corp.caddi.jp/,OK
https://cloud-ace.jp/,contact form not found
https://globalpreneurs.jp/,OK
https://corporate.coincheck.com/,OK
https://www.konicaminolta.com/jp-ja/index.html,contact form not found
http://www.scigineer.co.jp/,OK
https://www.genoplan.com/jp/board/notice?seq=26&lng=ja,contact page not found
https://www.cmicgroup.com/,contact form not found
https://www.silveregg.co.jp/,OK
https://safie.link/,contact form not found
https://www.sxi.co.jp/#features,contact form not found
https://www.softbrain.co.jp/,contact form not found
https://www.dip-net.co.jp/,contact form not found
https://dalab.jp/,OK
http://data-bridge.co.jp/,contact form not found
https://www.trans-cosmos.co.jp/,contact form not found
https://kmw.jp/,OK
http://www.next-move.co.jp/,OK
https://www.paramount.co.jp/,contact form not found
https://pixiedusttech.com/,contact page not found
https://corp.full-kaiten.com/,contact form not found
https://www2.mebix.co.jp/,OK
https://about.yahoo.co.jp/,contact form not found
https://www.janssen.com/japan/,contact form not found
https://www.uniss.co.jp/#,contact form not found
https://corp.rakuten.co.jp/,contact form not found
https://payment.rakuten.co.jp/,contact page not found
https://beatfit.jp/,OK
http://www.feat-inc.com/,OK
https://www.flinters.co.jp/,OK
https://en-gage.net/truestar/,contact page not found
https://www.qrestia.com/,OK
https://www.cobohd.co.jp/,OK
https://shishimaro.co.jp/,OK
https://zerofield.biz//,OK
https://www.fout.co.jp/,contact form not found
https://www.dataadventure.co.jp/,contact form not found
https://www.livesense.co.jp/,OK
https://www.kdl.co.jp/,contact page not found
https://10antz.co.jp/,OK
http://acweb.co.jp/,contact form not found
https://www.albert2005.co.jp/saiyo/,contact form not found
https://www.ariseanalytics.com/,contact form not found
https://www.cinc-j.co.jp/,contact form not found
https://www.curicle.jp/,OK
https://www.free-brain.co.jp/,OK
https://www.fronteo.com/,contact form not found
https://gri.jp/,contact form not found
https://www.mcdata.co.jp/,OK
https://micin.jp/,contact page not found
https://mo-t.com/,contact form not found
https://www.mylevel.co.jp/,OK
https://corp.voicy.jp/,contact form not found
https://www.rpmedical.co.jp/,unexpected error
https://itnavi.info/,contact form not found
https://www.irep.co.jp/,OK
https://www.aspark-medical.co.jp/,OK
https://www.adways.net/,OK
https://www.aperza.com/corp/,OK
https://ideal-architects.co.jp/,OK
https://www.intage-healthcare.co.jp/,contact form not found
https://infrontinc.co.jp/,OK
https://enigmo.co.jp/,contact form not found
https://www.opendoor.co.jp/,OK
https://corporate.kakaku.com/,contact form not found
https://www.gixo.jp/,contact form not found
https://gruff.co.jp/,OK
https://www.vlcank.com/mr/,OK
https://xica.net/#1,contact form not found
https://www.zdh.co.jp/,OK
https://www.jspnet.co.jp/,contact form not found
https://www.sts-inc.co.jp/index.html,contact form not found
https://www.skywill.jp/,OK
https://zuttomo.jp/,contact page not found
http://www.seven-to-one.com/,OK
https://diamond-f.co.jp/,OK
https://dena.com/jp/,contact form not found
https://www.takes.ne.jp/company/,contact page not found
https://www.dhorizon.co.jp/,OK
https://dr-net.co.jp/,contact form not found
https://www.topgate.co.jp/,contact form not found
https://drecom.co.jp/,contact form not found
https://nowcast.co.jp/,contact page not found
https://bandainamco-nexus.co.jp/,OK
https://visasq.co.jp/,contact form not found
https://boisb.com/,contact page not found
https://beyondthedata.co.jp/,OK
https://www.fiertecorp.com/,OK
https://photosynth.co.jp/,OK
https://www.brainpad.co.jp/,contact form not found
https://www.mpi-cro.co.jp/,contact form not found
https://monstar-lab.com/jp/,OK
https://www.rockinon.co.jp/,OK
https://www.kyoshin.co.jp/recruit/,contact form not found
http://www.ims-sol.co.jp/,contact page not found
https://www.shinko-1930.co.jp/,OK
https://www.otsuka-shokai.co.jp/,OK
https://analytics-jp.com/,OK
https://www.kepco.co.jp/,OK
https://www.chugai-pharm.co.jp/,contact form not found
https://www.ex-em.co.jp/,OK
http://www.janus.co.jp/,OK
https://www.neg.co.jp/,OK
https://www.fsi.co.jp/,OK
https://mioana.com/,OK
http://www.nisz.co.jp/,contact form not found
https://beepnowsys.com/,OK
https://www.infodeliver.com/,contact form not found
http://www.plus1west.jp/,contact form not found
https://it-plus.jp/company.php,contact form not found
https://avilen.co.jp/,OK
https://cacco.co.jp/,contact form not found
https://alterbo.jp/,OK
https://upswell.jp/,OK
https://www.intequa.jp/campanyinfo.html,contact form not found
https://www.ap-brains.com/,contact page not found
https://paypay.ne.jp/,contact form not found
https://www.xcomglobal.co.jp/,OK
https://www.tangogameworks.com/company,contact page not found
https://www.playnext-lab.co.jp/,OK
https://www.3sss.co.jp/,OK
https://paradigm-shift.co.jp/about,contact form not found
https://www.ai2-jp.com/,OK
https://grune.co.jp/,contact page not found
https://www.kdc-shibuya.co.jp/,OK
https://www.digitalwallet.co.jp/,OK
https://www.thesaurus.co.jp/,contact form not found
https://triton-sys.co.jp/,OK
https://kodawari-japan.co.jp/,OK
http://www.p-branch.co.jp/,OK
https://commerce-robotics.com/,contact form not found
https://www.sevenbank.co.jp/corp/company/outline.html,contact form not found
http://clock-on.co.jp/,OK
https://dotd-inc.com/ja/,OK
https://www.risetec.co.jp/,OK
https://www.marsflag.com/ja/,OK
https://www.ic-net.co.jp/,OK
http://www.megalith.jp/,contact page not found
https://www.nttdata.com/,OK
https://www.basenet.co.jp/,unexpected error
http://www.ryouka-n.co.jp/,contact form not found
https://leverages.jp/,OK
https://www.bizmates.co.jp/,contact form not found
https://baseconnect.in/companies/3656b586-a3e0-4950-a45e-4f6b56557f3b,contact form not found
https://pinnacles.tech/,OK
http://www.b-cause.co.jp/,OK
https://jcos.jp/,OK
https://www.grandchallenge.co.jp/,OK
https://recruit.jobcan.jp/groundinc,OK
http://www.hello-with.com/,OK
http://www.adi.dgic.co.jp/index.html,contact form not found
https://freegier.co.jp/,contact form not found
https://www.zmp.co.jp/,contact form not found
https://us.pg.com/,contact form not found
https://goomets.com/,OK
https://www.jms-united.co.jp/,OK
https://colyinc.com/,contact form not found
https://osd.shindengen.co.jp/,contact page not found
https://akarie.co.jp/,OK
https://www.agex.co.jp/,OK
https://h-basis.co.jp/,OK
http://www.apartner.co.jp/,OK
http://www.stepxcloud.com/,OK
https://www.myksys.com/,OK
http://bizaz.co.jp/,OK
https://www.gzeal.co.jp/,OK
http://www.daidosoft.co.jp/,OK
https://dxhr.inc/,contact page not found
https://www.proface-sys.com/,contact form not found
https://www.prime1studio.co.jp/about-prime1studio,unexpected error
https://sta-g.jp/company/vsta/,OK
https://pe-bank.co.jp/,OK
https://www.arsnv.co.jp/company/overview.html,contact page not found
https://www.isb.co.jp/,OK
https://www.topcon.co.jp/,unexpected error
https://slabcorp.co.jp/,OK
https://www.startialab.co.jp/,contact form not found
https://www.psc-inc.co.jp/,OK
https://www.jhcc.co.jp/,OK
https://systemi.co.jp/,OK
https://rizteq.net/,OK
https://www.da-edu.com/,OK
https://www.re-stec.co.jp/,contact form not found
http://www.aoi-sol.co.jp/,contact form not found
https://www.skill-c.co.jp/,OK
https://www.rigarejapan.co.jp/,OK
https://www.infosea.co.jp/,contact page not found
https://www.data-service.jp/,contact form not found
http://belica.co.jp/,OK
https://www.knowledge-edge.co.jp/company/,contact form not found
https://www.opentone.co.jp/,OK
https://cellpromote.biz/,OK
https://www.pacific-ind.co.jp/,OK
https://www.e-deftribe.com/,OK
https://www.fuin.co.jp/,OK
http://www.kida1931.com/company/index.html,contact form not found
https://www.combz.jp/,OK
https://www.systemsquare.co.jp/,contact form not found
https://k2partnering.jp/,contact form not found
https://www.ats-jp.com/,OK
https://sunriseworks.co.jp/company/,OK
https://www.briswell.com/,OK
https://www.repros.co.jp/,OK
https://terabox.jp/,contact form not found
https://www.cdpjp.com/,OK
https://appirio.jp/,contact form not found
 Ltd,wrong url
https://www.gl-navi.co.jp/,contact page not found
https://www.worldcraft.co.jp/,OK
https://www.hiwell.co.jp/,OK
https://www.axas-japan.co.jp/,contact form not found
https://dmm-corp.com/,contact form not found
https://a-sw.jp/,contact form not found
https://jewelcareer.co.jp/,OK
https://www.theport.jp/,OK
https://www.a1tech.co.jp/,contact form not found
https://www.navio.co.jp/,contact form not found
https://www.setsw.co.jp/,OK
https://www.simplex.holdings/,contact form not found
https://www.valtes.co.jp/,OK
https://secoma.co.jp/,contact page not found
https://www.m3dc.co.jp/,OK
https://www.co-well.jp/,contact form not found
https://ohs-tokyo.co.jp/,contact page not found
https://www.free-will.co/,OK
http://www.hoperun-tokyo.com/,contact form not found
https://www.hakuhodo.co.jp/,contact form not found
http://www.inter-creative.co.jp/,contact form not found
http://www.b-tm.co.jp/,OK
https://www.gdicommunications.com/,contact form not found
https://www.it.eneos.co.jp/,contact form not found
http://eng.n-ms.co.jp/,OK
https://www.sus-g.co.jp/,OK
https://www.yumeshokunin.jp/,contact page not found
https://www.tri-ace.co.jp/,OK
https://www.avad.co.jp/,contact form not found
https://ssk-careercenter.jp/,OK
http://www.gel-lib.com/,contact form not found
https://www.f-b-s.jp/,contact form not found
https://yumesfrontier.com/company.html,contact form not found
https://www.tex-sol.com/,OK
https://kanazawa-es.co.jp/,OK
https://sgm-sft.com/,contact page not found
https://firstgroup.jp/,OK
https://www.e-due.jp/,contact form not found
https://www.rgsis.com/,contact form not found
https://hrmos.co/pages/wamazing,contact page not found
http://www.best-com.jp/company.html,contact form not found
https://www.mizkin.co.jp/,contact page not found
https://giginc.co.jp/,OK
https://www.hicorp.co.jp/,OK
http://azurtest.net/,OK
http://www.ziqcom.co.jp/,contact form not found
https://www.emyus.co.jp/,unexpected error
https://flyhawk.net/,contact page not found
https://www.room12.jp/,contact form not found
http://www.metatec.co.jp/,contact page not found
 Ltd.,wrong url
https://mirise-up.co.jp/,contact page not found
https://milifee.com/company/,OK
https://www.g-angle.co.jp/,OK
https://nextkk.co.jp/,OK
https://unison-career.com/company/,OK
https://www.hiro-japan.com/,contact page not found
https://c-rocketz.com/company/,OK
https://www.fujinetworks.co.jp/,contact page not found
https://www.dcr.co.jp/,OK
https://www.gitaku.jp/,contact form not found
http://www.newneeds.co.jp/,contact form not found
https://www.sanntsu.com/,OK
https://lumitec.co.jp/,OK
http://vixage.co.jp/,OK
https://www.mapquest.co.jp/,OK
https://www.koeitecmo.co.jp/,contact form not found
https://colorfulpalette.co.jp/,OK
https://www.mogic.jp/,contact form not found
https://wonderful-door.jp/,contact form not found
https://www.mobilefactory.jp/,contact form not found
https://www.damd.co.jp/,OK
https://www.superox.jp/,unexpected error
https://www.automagi.jp/,OK
http://www.micros.co.jp/,unexpected error
https://primenumber.co.jp/,OK
http://mm-corporation.co.jp/company,OK
https://www.intasect.com/,contact form not found
http://www.3s-sys.co.jp/,unexpected error
https://ssl.wing-sol.co.jp/,OK
https://www.legame.work/,contact page not found
https://nsq.co.jp/,OK
https://batjapan.saiyo-kakaricho.com/entry/offer/list,contact page not found
https://job.mynavi.jp/22/pc/search/corp85370/outline.html,contact form not found
http://www.thinksource.co.jp/,contact page not found
https://corp.gogojungle.co.jp/,OK
https://www.resolatte.com/,contact form not found
https://www.e-net-1.com/,contact form not found
https://yokuto.co.jp/,unexpected error
https://www.bridge-kks.com/,contact form not found
https://www.mentorg.co.jp/,unexpected error
https://yonpoke.co.jp/,OK
http://www.sooki-ocean.com/,OK
https://ssl.eyela.co.jp/,contact form not found
https://www.clinks.jp/,OK
https://mamakoko-job.com/,OK
http://www.kmu.co.jp/,contact form not found
https://www.intersquare.co.jp/,OK
http://www.asiannet.co.jp/company01.html,contact form not found
https://xn--w8jp02bub.jp/,contact form not found
https://hri-group.jp/,OK
https://www.bsw.co.jp/,OK
https://www.mitsubishielectric.co.jp/,OK
https://www.cncsys.co.jp/,OK
https://vivit.co.jp/,contact form not found
https://aumo.co.jp/,OK
https://www.asprova.jp/,OK
https://www.asj-fasteners.co.jp/,OK
https://shimpre.com/company/company-about/,OK
https://www.asejp.aseglobal.com/,contact form not found
https://www.hirayamastaff.co.jp/hirayama/information/,OK
LTD.,wrong url
https://www.sun21.co.jp/,OK
http://www.wfs.games/recruit/,contact form not found
https://www.yumeshin-benext.co.jp/,OK
http://www.trinify.com/,contact form not found
https://www.demand-link.jp/,contact page not found
https://www.sanoh.com/ja/,OK
https://www.omgc.co.jp/,OK
http://www.swap.co.jp/,OK
https://www.alten-japan.com/,OK
http://joypla.co.jp/company.html,contact form not found
http://www.mirineglobal.com/,contact form not found
https://roseaupensant.jp/,OK
https://www.know-net.co.jp/,contact form not found
http://stoneb.jp/,contact form not found
https://shiftplus.inc/,OK
https://www.mitla.co.jp/company_information.html,contact form not found
https://www.shizenenergy.net/,contact form not found
https://www.nds-career.co.jp/,contact page not found
http://www.fernridge.co.jp/,contact page not found
https://www.lintomo.co.jp/,contact form not found
https://www.asoview.co.jp/,OK
https://www.copro-e.co.jp/,OK
https://ndc-um.jp/,OK
https://wa-ki.jp/,OK
http://www.pop-hkt.com/,OK
http://linkbridge.co.jp/,contact page not found
https://www.otsl.jp/,OK
https://www.iromgroup.co.jp/,OK
https://www.iqvia.com/locations/japan,OK
http://www.asvin.co.jp/,contact form not found
http://www.systemsolution.co.jp/,OK
https://www.minebeamitsumi.com/,OK
https://appirits.com/,contact page not found
https://www.cal.co.jp/,OK
https://www.introduction.tokyo/,OK
https://furanojob.com/company/nisade,contact page not found
http://www.inden.ne.jp/,OK
http://pt-sys.co.jp/company/,OK
http://www.acseez.jp/,OK
https://afrsolutions.ap6.force.com/s/?language=ja,contact page not found
https://www.vinx.co.jp/,contact page not found
https://www.asmarq.co.jp/saiyou/,OK
http://www.nakamura-jpn.co.jp/,OK
https://www.hal21.co.jp/,OK
https://www.tech-earth.co.jp/,OK
https://www.softes.co.jp/,contact form not found
https://lt-s.jp/,OK
https://www.fujitsu.com/jp/,OK
http://www.a-sol.co.jp/,contact form not found
https://www.at-fanfare.com/,OK
https://www.grs.co.jp/,OK
http://w-h-corp.com/company/,OK
https://ecommit-kandk.com/,OK
https://www.daikin.co.jp/,OK
https://www.forthewin.co.jp/,contact form not found
http://www.itcamphor.co.jp/,contact page not found
https://home.kpmg/jp/ja/home/about/kc.html,contact form not found
https://www.at-cad.co.jp/,OK
http://www.nscg.co.jp/index.php,OK
http://www.fukuoka-fg.com/,contact form not found
https://www.casewise.co.jp/,OK
https://vicent.co.jp/,OK
http://androbo.jp/group/androboquick/,OK
https://www.mitla.co.jp/,OK
http://supreedom.com/,OK
https://wetec.co.jp/,OK
http://www.gafs.co.jp/,contact form not found
https://www.sankyofrontier.com/corporate/about.html,contact page not found
https://sumitomoelectric.com/jp/,OK
https://en-gage.net/bb-p_career/,contact page not found
https://www.knowledgebeans.co.jp/company/,contact page not found
https://www.crunchstyle.jp/,OK
http://vastsky.co.jp/,contact form not found
https://apassist.com/,contact form not found
https://www.mirairo.co.jp/,contact form not found
http://www.agora-tech.co.jp/,contact form not found
https://www.jpc.co.jp/,OK
http://glovalex.net/,contact page not found
https://ookabe-glass.co.jp/,contact form not found
https://methodbank.jp/,OK
https://selecty-hd.co.jp/company/,OK
https://www.uzabase.com/,OK
https://www.nagayagokoro.co.jp/,OK
https://www.city-ccs.co.jp/,OK
https://www.kinxjp.com/,OK
https://ib-tec.co.jp/,OK
https://www.zehitomo.com/about,OK
https://www.ichikura.jp/ja/index.html,OK
https://xing-group.com/en/,OK
https://jobtkk.co.jp/corp/corporate,OK
https://www.tcs.com/jp-ja/home,OK
http://streetventure.net/,OK
https://usen-next.co.jp/,OK
https://wovn.io/ja/about/,contact form not found
https://www.facets-sol.com/,OK
http://wisdom-key.co.jp/,OK
https://www.avantcorp.com/,contact form not found
http://www.crc-system.co.jp/,contact form not found
https://houjin.j-bdb.com/70104030247373905,contact form not found
https://wingnoah.co.jp/,OK
https://provide-biz.com/corporate_philosophy/,OK
https://blend.school/,OK
http://availcloudtechnology.co.jp/,contact form not found
https://www.sakura-is.co.jp/,OK
https://refowork.com/corporation/8011101096076/,contact page not found
https://hr-next.co.jp/,OK
https://www.sr-net.co.jp/,OK
https://e-technology.co.jp/company,OK
https://www.design-inc.jp/,OK
https://www.cre-co.jp/,OK
https://gn-japan.com/,OK
https://www.technopro.com/,contact form not found
https://www.gexeed.co.jp/,OK
https://www.staffservice-engineering.jp/company/outline.html,OK
https://level-s.jp/,contact form not found
https://asupage.co.jp/index.html,contact form not found
https://www.mcoms.co.jp/,unexpected error
https://www.acrovision.jp/,OK
https://www.careritz.co.jp/,OK
https://www.rs-is.co.jp/,unexpected error
https://bizwind.co.jp/,contact form not found
https://www.hiblead.co.jp/company/company_profile/,OK
https://www.nac-care.co.jp/,OK
https://www.oli.omron.co.jp/,OK
http://www.ncn-ncc.co.jp/,contact page not found
https://www.bilingual-gate.co.jp/,contact form not found
https://jpn.cn.com/2013301047566,contact page not found
https://www.itandi.co.jp/,OK
https://www.7andi.com/,OK
https://www.ditgroup.jp/,OK
https://www.skygroup.jp/,OK
https://www.forumeng.co.jp/,OK
https://relecture.co.jp/company/,contact form not found
https://axecapital-inc.net/,OK
https://ibsnet.co.jp/,OK
https://success-holders.inc/,contact form not found
http://www.fulwill.co.jp/,OK
https://upcross.jp/,OK
https://www.dpt-inc.co.jp/,contact form not found
https://groxi.jp/,contact form not found
https://www.fujiwork.co.jp/,OK
http://www.voyager-inc.com/,OK
https://diworks.co.jp/,OK
https://www.axrossroad.co.jp/,unexpected error
https://www.nf-nextfield.com/,OK
https://www.persol-wd.co.jp/,contact form not found
https://www.makeit-coop.com/,contact form not found
https://panasonic.co.jp/ls/plsnw/,contact form not found
http://www.bravance.co.jp/,OK
https://www.technopro.com/eng/,OK
https://www.respawn.jp/about/,OK
https://www.chiyodacorp.com/jp/,OK
http://gatesky.jp/,contact page not found
https://www.extlink.co.jp/,OK
https://www.iinexus.com/,OK
https://www.nabekai.co.jp/,OK
https://www.iplusyouandyou.co.jp/,OK
https://ajflat.co.jp/,OK
https://gizumo-inc.jp/,contact page not found
https://yume-proeng.co.jp/,OK
https://www.ifs-sol.co.jp/,contact page not found
https://hr-incu.com/,OK
https://www.ps-eng.co.jp/,OK
https://overseas-inc.jp/,contact form not found
http://www.issinc.co.jp/,OK
https://www.fyf-h.com/,OK
https://www.letoit.co.jp/,OK
https://www.fujitsu-general.com/jp/fgot/,OK
https://symmetrix.co.jp/,OK
http://nse-inc.co.jp/,contact form not found
https://career-engineer.jp/,unexpected error
https://1-r.co.jp/,OK
https://smiles.i-freek.co.jp/,OK
https://www.azone-japan.co.jp/company/,OK
https://thenewgate.co.jp/,OK
https://www.cmknet.co.jp/,OK
https://saze.co.jp/about/,OK
https://sciseed.jp/,OK
https://ebacorp.jp/,OK
https://www.allied-telesis.co.jp/,OK
https://www.insight-lab.co.jp/,contact form not found
https://www.triplecrowns.co.jp/,OK
https://goat-inc.co.jp/company/,OK
http://quantummedia.jp/page-87/,OK
https://www.mic-info.co.jp/aboutus/,OK
https://www.nikkeibp.co.jp/,contact form not found
https://astecpaints.jp/,OK
https://www.circlace.com/,contact form not found
https://www.secureedge.jp/,OK
https://www.visulia-g.jp/,OK
http://www.keywordjapan.co.jp/,contact form not found
https://cordial.osaka/,OK
https://www.goodcomputer.co.jp/,OK
https://www.ur-systems.co.jp/,contact form not found
https://saunz.co.jp/,OK
https://www.nse-jp.co.jp/,OK
https://www.nichiei-intl.co.jp/,unexpected error
 Ltd.】,wrong url
https://wisenet.co.jp/,OK
https://www.cre-jpn.com/,OK
https://gio-tech.jp/,contact page not found
http://apec-japan.jp/profile/,contact form not found
https://www.sw-net.co.jp/,OK
https://genestate.co.jp/,OK
https://freestyles.jp/,OK
https://www.xserver.co.jp/,contact form not found
https://tale-jp.com/,contact page not found
https://www.jcbc.co.jp/,contact form not found
https://www.intloop.com/,OK
https://www.qualitysoft.com/,OK
https://future-connection.co.jp/,contact page not found
https://www.otwo.jp/en/,contact form not found
https://www.0101maruigroup.co.jp/,OK
https://www.hitachi-hbsoft.co.jp/,OK
https://www.meitec.co.jp/company/overview.html,contact form not found
https://vitoria.co.jp/about/,OK
https://new-ings.co.jp/,contact page not found
http://www.tech-sc.co.jp/,contact form not found
https://oplan.co.jp/,OK
https://play.jp/,OK
https://beyond-works.co.jp/,OK
http://www.yourfuture.jp/,contact form not found
https://www.arise.co.jp/,contact form not found
https://www.treebell.co.jp/,OK
https://www.arsaga.jp/,OK
https://lifesync.co.jp/,contact form not found
http://buddit.co.jp/,OK
https://www.tdizs.co.jp/,contact form not found
http://www.arths-net.co.jp/,OK
LTD.）,wrong url
http://www.tamats.co.jp/,OK
https://www.sankyoweb.com/,contact form not found
https://www.aiosl-tec.co.jp/,OK
https://www.zeax.co.jp/,unexpected error
https://www.nihon-kaihatsu.co.jp/,contact form not found
http://www.ohrin.co.jp/,contact page not found
https://www.iwat.co.jp/,OK
http://www.yuiconsulting.com/,contact form not found
http://relation2012.com/,OK
https://www.yasashiite.com/subdomains/div_page/25/1/,OK
https://www.sjoyc.com/,contact form not found
https://www.a-sk.co.jp/,OK
https://ctw.inc/,OK
https://s--and--s.net/,OK
http://www.advan-system.co.jp/,contact form not found
https://linefukuoka.co.jp/ja/,OK
https://www.necvw.co.jp/,contact form not found
https://www.overrevo.co.jp/,OK
https://www.codesol.jp/,contact page not found
https://lucent-sports.com/company/,contact form not found
https://www.seino-shoji.co.jp/,contact form not found
https://www.omc.co.jp/,contact form not found
https://passtem.co.jp/,OK
https://www.keionet.com/corp/company/outline.html,contact form not found
https://www.tokai-com.co.jp/index.php,contact form not found
https://www.cmpd.jp/,OK
https://www.likaman.co.jp/outline,contact form not found
http://ono-machine.co.jp/,OK
https://www.denso-create.jp/,OK
https://ricordi.co.jp/,contact form not found
https://www.atmark-techno.com/,contact form not found
https://www.nakagawa-mfg.co.jp/company/,OK
https://www.azapa-eng.co.jp/,unexpected error
http://pluslike.co.jp/,contact form not found
https://www.qtnet.co.jp/,contact form not found
http://www.team-clotho.com/,OK
https://www.toh-group.co.jp/,OK
https://www.bbcinc.co.jp/,OK
http://aqured.co.jp/,OK
http://www.syunwa.co.jp/,contact page not found
http://ciel-japan.jp/,OK
https://www.nikko-technical.co.jp/,contact form not found
https://www.nmm.jx-group.co.jp/,OK
https://glovaria.com/?fbclid=IwAR179hmckB2a-YeXFWV8onln0wtWEoJuwRjC318TeoQCoW7uHzxDAPOmKJ8,OK
https://www.koyoshoji.co.jp/,OK
https://ext.cx/,contact page not found
https://allseed.co.jp/,OK
http://kpls.jp/,OK
https://idearecord.co.jp/,OK
http://www.daikan-eco.co.jp/,contact form not found
https://ssilab.co.jp/mobile_top,OK
https://www.ambitious-am.co.jp/,OK
https://www.east-rise.com/,OK
https://www.poweredge.co.jp/,OK
https://www.i-tem.co.jp/,OK
https://www.tesco-inc.jp/,OK
https://shorma.jp/,contact page not found
https://www.interpark.co.jp/,contact form not found
https://www.sky365.co.jp/,contact form not found
https://www.bdcon.co.jp/,OK
https://www.firstcontact.co.jp/corporate/outline.html,contact form not found
https://evand.jp/,contact form not found
https://www.gts-jp.com/,contact form not found
https://z-center.co.jp/,contact form not found
http://www.jrqss.co.jp/,contact form not found
https://www.gilt.jp/info/company/company-information,contact page not found
https://www.sysj.co.jp/,contact form not found
https://www.switch-ang.co.jp/company/,OK
https://www.tdcx.com/,contact form not found
https://www.izaq.co.jp/index.html,contact form not found
https://corp.itmedia.co.jp/,contact form not found
http://www.adapt-ip.co.jp/,contact form not found
https://www.ipi.co.jp/,OK
http://www.gaialink.co.jp/,contact page not found
http://www.sunbridge-s.jp/corporate.html,contact page not found
https://www.synnex.co.jp/?lang=ja,OK
https://generic-solution.co.jp/,OK
https://www.dia-systems.co.jp/,contact form not found
http://www.digitalarts.co.jp/,contact form not found
https://www.tfo.co.jp/,OK
http://www.trendworks.co.jp/,contact form not found
https://nextribe.co.jp/,contact form not found
https://www.panasonic.com/jp/home.html,OK
https://www.pigeon.co.jp/,contact form not found
https://jpn.cn.com/1430003010860,contact page not found
https://forward-soft.co.jp/,OK
http://mybacks.co.jp/,contact form not found
https://www.yubian.jp/,contact form not found
https://www.rootage.co.jp/,contact page not found
https://www.yjcard.co.jp/,OK
https://www.ctc-g.co.jp/,contact form not found
https://www.apptec.co.jp/,contact form not found
https://www.rakuten-card.co.jp/,OK
https://www.pachinkovillage.com/maker/makerDetail.php?MAKER_CODE=00000116,contact form not found
http://a-info.co.jp/,contact form not found
https://www.cccorp.co.jp/,contact form not found
https://www.earthandone.com/,contact page not found
https://encom.cc/,OK
https://www.fits-inc.jp/,contact form not found
https://glue-si.com/,contact form not found
https://www.it-comm.co.jp/,contact form not found
https://lava-intl.co.jp/,contact page not found
https://www.lincs.tokyo/,contact page not found
https://corp.monotaro.com/overview.html,OK
https://www.qlife.co.jp/,OK
http://www.re-do.co.jp/,contact form not found
https://www.screen.co.jp/,OK
https://www.sig-c.co.jp/,contact form not found
https://www.ucscard.co.jp/,contact page not found
http://www.ytttec.com/,contact form not found
https://corp.zaif.jp/outline/,OK
https://en-gage.net/zion-tech_career/,contact page not found
https://www.isfnet.co.jp/index.html,OK
https://akagane.co.jp/,contact form not found
https://afx-pro.com/,OK
https://www.apricotinc.co.jp/,contact form not found
https://inform-tokyo.co.jp/,contact form not found
http://www.iface.jp/,contact page not found
https://www.impl.co.jp/,contact form not found
https://www.asil.co.jp/,contact form not found
https://www.agent-grow.com/,OK
https://www.se-architect.co.jp/,contact form not found
https://www.s-netplus.co.jp/,unexpected error
http://allcasting.jp/,contact page not found
https://www.officemirai.co.jp/,OK
https://kakakucom-insurance.co.jp/,contact form not found
https://cp-sol.co.jp/,contact form not found
https://www.geonet.co.jp/,contact page not found
http://www.c-design.co.jp/,contact page not found
https://confidence-inc.jp/?gclid=Cj0KCQjw1ouKBhC5ARIsAHXNMI_k3xFr30KJ_bbs5sFE2oHGZG1DvzpzKMdQRYwgkuyGyDunImm6mBwaAmXGEALw_wcB,contact form not found
https://www.cscloud.co.jp/,contact form not found
https://www.cyberbiz.co.jp/company/,OK
https://www.sang.co.jp/,contact form not found
https://www.gck.co.jp/,OK
http://www.j-bright.co.jp/,contact form not found
https://www.jp-secure.com/,OK
https://www.j-mac.co.jp/,OK
https://www.3ep.jp/,contact form not found
https://www.secondselection.com/,contact form not found
https://www.tanabekeiei.co.jp/,OK
https://www.technication.co.jp/,contact page not found
https://www.techno-creative.co.jp/,OK
https://www.terrasky.co.jp/,OK
https://www.toseisystems.co.jp/,OK
https://www.dreamcareer.co.jp/,unexpected error
https://www.acorns-soft.com/,contact page not found
https://www.net-vision.co.jp/,contact form not found
https://www.pasco.co.jp/,OK
https://www.patriot.co.jp/,OK
https://www.pm-t.com/,contact form not found
https://www.benext.co.jp/bnt/,OK
https://four-j.recruitment.jp/,contact form not found
http://www.prosper-s.co.jp/,contact form not found
http://www.broadleaf.co.jp/,OK
https://www.benesse-style-care.co.jp/,contact form not found
https://www.bold.ne.jp/,contact page not found
https://www.microtechnica.co.jp/,OK
https://www.makita.co.jp/,contact form not found
https://www.meitec.co.jp/company/group.html,contact form not found
https://www.lightcafe.co.jp/,contact page not found
https://www.liveworks.co.jp/,contact form not found
https://www.raccoon.ne.jp/,contact form not found
https://www.rakus.co.jp/,contact form not found
https://www.liv-up.co.jp/,contact form not found
https://www.lmi.ne.jp/,unexpected error
https://linx.jp/,contact form not found
https://www.latest-system.co.jp/,contact page not found
https://ekitan.co.jp/,OK
https://www.shimotsuke.co.jp/list/company/about,OK
https://www.kyushu-hitachi-systems.co.jp/,unexpected error
https://www.odakyu-dept.co.jp/corporation/profile/index.html,OK
https://www.tmele.jp/,contact form not found
https://cho-tensha.jp/,OK
https://www.isid.co.jp/,OK
https://www.jops.co.jp/,unexpected error
https://www.hitachi-fls.co.jp/,contact form not found
https://www.hokuoh-js.co.jp/,contact form not found
https://tatsuno-system.co.jp/,OK
https://covidien.logi-asp.ne.jp/,contact page not found
https://www.sumirin.co.jp/,contact form not found
https://www.new-cosmos.co.jp/,OK
https://www.shinwatec.co.jp/,OK
http://www.seiryodenki.co.jp/,OK
https://www.saibugas.co.jp/,contact form not found
https://www.muratec.jp/,OK
https://u-dsk.co.jp/,contact form not found
https://www.tatsu-mi.co.jp/,OK
https://www.nakazawa.co.jp/company/nakazawa-joho,contact form not found
https://www.tjsys.co.jp/,OK
https://www.nissho-ele.co.jp/index.html,contact form not found
http://www.ndk-group.co.jp/,contact form not found
https://www.aspectcore.co.jp/,OK
https://www.jpn-ks.co.jp/,contact page not found
https://www.nipponseika.co.jp/,OK
https://www.nidec.com/jp/nidec-read/,OK
http://www.musashi.co.jp/,contact form not found
https://www.bengo4.com/corporate/,contact form not found
http://hmev.co.jp,unexpected error
http://www.sega.co.jp/,contact form not found
http://www.start21.jp/,OK
https://arches-jp.com/,contact page not found
https://bacallan.com/,contact form not found
https://corp.smaregi.jp/,contact form not found
https://corporate.wowow.co.jp/,OK
https://crossfd.co.jp/,OK
https://cybozu.co.jp/,contact form not found
 INC,wrong url
https://jp.17.live/corpinfo/,contact form not found
https://learningift.com/,OK
https://matchsul.com/,contact form not found
https://neil-inc.com/,contact form not found
https://nykbs.co.jp/,contact page not found
https://rikkeisoft.com/,contact page not found
https://sios.jp/,contact form not found
https://wildidea.net/kaisyagaiou/,contact form not found
https://www.5go.life/,contact page not found
https://www.abeam-s.com/,contact page not found
https://www.agekke.co.jp/,OK
https://www.arigatobank.co.jp/,contact form not found
https://www.aris-kk.co.jp/,OK
https://www.axisware.co.jp/,contact page not found
https://www.beliefworks.co.jp/,contact page not found
https://www.bstylegroup.co.jp/corporate/outline-valuetechnologies/,contact form not found
https://www.canon-electec.co.jp/,contact form not found
https://www.chivsp.com/,contact form not found
https://www.cresco.co.jp/,OK
https://www.daifuku.com/jp/,contact form not found
https://www.daihatsu.co.jp/top.htm,contact form not found
https://www.doc-inc.com/,contact form not found
https://www.ds-pharma.co.jp/,OK
https://www.e-guardian.co.jp/,contact form not found
https://www.fenrir-inc.com/jp/,contact form not found
https://www.fox-hound.co.jp/home,contact form not found
https://www.future.co.jp/,contact form not found
https://www.hbs.co.jp/,OK
https://www.hoyads.com/,contact form not found
https://www.ic-corp.jp/,contact page not found
https://www.i-mobile.co.jp/,contact form not found
https://www.itfor.co.jp/,OK
https://www.kddimatomete.com/,OK
https://www.metaps-payment.com/,contact form not found
https://www.murata.com/ja-jp,OK
https://www.netone.co.jp/,contact form not found
https://www.ngk.co.jp/,OK
https://www.nihon-ma.co.jp/,OK
https://www.nipponinsure.jp/,contact form not found
https://www.nsc-inc.co.jp/%E3%81%8A%E7%A5%AD%E3%82%8A%E5%BA%83%E5%A0%B4/%E6%9D%B1%E4%BA%AC%E5%96%B6%E6%A5%AD%E6%89%80/,contact page not found
https://www.oisixradaichi.co.jp/,OK
https://www.phchd.com/jp/phcmn,OK
https://www.randstad.co.jp/technologies/,contact form not found
https://www.softbanktech.co.jp/,OK
https://www.system-exe.co.jp/,contact form not found
https://www.systena.co.jp/,contact form not found
https://www.tcs.com/jp-ja/CorporateData,OK
https://www.techmatrix.co.jp/index.html,OK
https://www.tounichi-g.co.jp/,contact form not found
https://www.toyotasystems.com/,OK
https://www.vareal.co.jp/,OK
https://www.webedge.jp/,OK
https://www.yaskawa.co.jp/,OK
https://www.nttdata-ccs.co.jp/,contact form not found
http://www.lion.co.jp/,contact form not found
http://www.smbc-card.com/,OK
https://www.instagram.com/fidelconsulting,contact page not found
https://levtech.jp/,contact form not found
https://www.linkedin.com/company/ibm/,contact page not found
https://www.persol-career.co.jp/,OK
http://www.suzuki.co.jp/,contact form not found
https://www.japanet.co.jp/shopping/jh/,contact page not found
http://www.rakuten.co.jp/,OK
https://www.recruit.co.jp,OK
https://www.sjnk.co.jp/,OK
https://twitter.com/LINE_workstyle,contact form not found
https://www.eps.co.jp/ja/index.html,OK
https://www.nikon.co.jp/,OK
https://www.fastretailing.com/employment/ja/fastretailing/jp/career/,contact page not found
http://www.toshiba.co.jp/,contact form not found
https://linkbal.co.jp/,OK
http://www.kyocera.co.jp/,OK
http://www.sony.co.jp/,OK
https://www.mod.go.jp/,contact page not found
https://recruit.gmo.jp/,OK
https://www.workit.jp/,OK
https://www.adecco.co.jp/,contact page not found
https://cdc.type.jp,contact form not found
https://www.linkedin.com/company/randstad-japan/,contact page not found
https://dmm-corp.com,contact form not found
http://www.linkedin.com/company/procter-&-gamble,contact page not found
http://www.nttdata.com/jp/,contact form not found
https://www.kubota.co.jp,OK
https://www.monotaro.com/,contact form not found
https://www.dir.co.jp/,contact form not found
https://internship.acceluniverse.com/,contact page not found
https://www.saisoncard.co.jp/,OK
http://www.nec.co.jp/,contact form not found
https://www.nri.com/jp/,OK
https://www.ykc.co.jp/,OK
https://www.creativevillage.ne.jp/,OK
http://www.fujitsu.com/jp/,OK
https://www.terrasky.co.jp,OK
https://www.swing-w.com/,OK
https://corp.gree.net/jp/ja/,contact form not found
https://www.khi.co.jp/corp/krs/index.html,OK
https://www.meijiyasuda.co.jp/index.html,contact page not found
https://corp.dsp.co.jp/,contact form not found
http://www.hays.com.br,OK
http://www.yamato-hd.co.jp/,OK
https://www.cyberagent.co.jp/,OK
https://www.asahi-kasei-jobs.com/top.html,OK
https://www.instagram.com/demaecan_official,contact page not found
http://www.terumo.co.jp/,OK
https://www.tmj.jp/,OK