【文科省関連研究機関との連携】国内初の株価予測AI開発など手掛ける研究開発型ベン...,URL情報見つからなかった
株式会社 MILIZE,URL情報見つからなかった
三菱UFJリサーチ&コンサルティング株式会社,https://www.murc.jp/
オークマ株式会社,URL情報見つからなかった
株式会社東芝,https://www.global.toshiba/jp/top.html
富士通株式会社,https://www.fujitsu.com/jp/
三井情報株式会社,https://www.mki.co.jp/
株式会社ジャパン・メディカル・カンパニー,https://japanmedicalcompany.co.jp/
SOMPOひまわり生命保険株式会社,https://www.himawari-life.co.jp/
東証一部上場のアナリティクスコンサルファーム,URL情報見つからなかった
TDSE株式会社,URL情報見つからなかった
トガル株式会社,URL情報見つからなかった
Axas株式会社,URL情報見つからなかった
三菱自動車工業株式会社,https://www.mitsubishi-motors.com/jp/
外資系生命保険会社,URL情報見つからなかった
identity Inc.,URL情報見つからなかった
中外製薬グループ,URL情報見つからなかった
株式会社 アドインテ,URL情報見つからなかった
AOSデータ株式会社,https://www.aosdata.co.jp/
オープンワーク株式会社,https://vorkers.jp/
株式会社大塚商会,https://www.otsuka-shokai.co.jp/
テクノロジー・イノベーションセンター,URL情報見つからなかった
株式会社メルカリ,https://about.mercari.com/
株式会社Hajimari,https://itpropartners.jp/
株式会社ヘルスベイシス,https://h-basis.co.jp/
株式会社ベリサーブ,https://www.veriserve.co.jp/
パナソニック株式会社,https://www.panasonic.com/jp/home.html
株式会社Lupinus,URL情報見つからなかった
LINE Digital Frontier 株式会社,URL情報見つからなかった
株式会社ボードウォーク,https://boardwalk-inc.jp/
株式会社ZENKIGEN,https://zenkigen.co.jp/
株式会社C Solution,URL情報見つからなかった
カーエレクトロニクス事業のリーディングカンパニー,URL情報見つからなかった
株式会社カプコン,https://www.capcom.co.jp/
ヘイズ・スペシャリスト・リクルートメント・ジャパン株式会社,https://www.hays.co.jp/
Supership 株式会社,URL情報見つからなかった
エプソンアヴァシス株式会社,https://avasys.jp/
大正製薬株式会社,https://www.taisho.co.jp/
IBM,URL情報見つからなかった
大手アミューズメント企業,URL情報見つからなかった
PwC Japan合同会社,https://www.pwc.com/jp/ja/about-us/member/pwc-japan.html
株式会社グレイス,URL情報見つからなかった
株式会社ユニゾン・テクノロジー,https://unison-career.com/
立山科学株式会社,URL情報見つからなかった
株式会社ウフル,http://uhuru.co.jp/
株式会社ファミマデジタルワン,https://famidigi.jp/
"Evolable Asia Co.,Ltd.",URL情報見つからなかった
株式会社ラディウス・ファイブ,URL情報見つからなかった
ソニーグローバルマニュファクチャリング&オペレーションズ株式会社,http://www.sony-global-mo.co.jp/
株式会社パーソネル,https://www.perso.co.jp/
株式会社MICIN,https://micin.jp/
株式会社片平新日本技研,http://www.katahira.co.jp/
AIG損害保険株式会社,https://www.aig.co.jp/sonpo
LINE株式会社,https://linecorp.com/ja/
ローム株式会社,https://www.rohm.co.jp/
ダイキン工業株式会社,https://www.daikin.co.jp/
株式会社SCREENセミコンダクターソリューションズ,http://www.screen.co.jp/spe/
株式会社NEW GATE,http://n-newgate.com/
ZOZOグループ,URL情報見つからなかった
株式会社i-plug,https://i-plug.co.jp/
デロイトトーマツファイナンシャルアドバイザリー合同会社,URL情報見つからなかった
国内大手クレジットカード会社,URL情報見つからなかった
株式会社ラストデータ,https://www.last-data.co.jp
株式会社マクアケ,https://www.makuake.co.jp/
株式会社アイソル,URL情報見つからなかった
ランスタッド株式会社,https://www.randstad.co.jp/
株式会社KPMG　FAS,URL情報見つからなかった
株式会社 ブルームテクノロジー,URL情報見つからなかった
エイザス株式会社,https://www.a-zas.co.jp/
la　belle　vie株式会社,URL情報見つからなかった
アニコム グループ,URL情報見つからなかった
株式会社エリートネットワーク,http://www.elite-network.co.jp/
INTLOOP株式会社,https://www.intloop.com/
東芝デベロップメントエンジニアリング株式会社,https://www.toshiba-dme.co.jp/dme/
type転職エージェント,URL情報見つからなかった
フィデル・コンサルティング株式会社,https://www.fidelconsulting.com/jp/
ラクスル株式会社,https://corp.raksul.com/
創業100年以上の一部上場国内製薬メーカー,URL情報見つからなかった
PwCコンサルティング/Strategy&,URL情報見つからなかった
ワークスアイディ株式会社,https://www.worksid.co.jp/
サンブリッジソリューションズ株式会社,http://www.sunbridge-s.jp/
株式会社テクノプロ　テクノプロ・デザイン社,URL情報見つからなかった
株式会社 キャンサースキャン,URL情報見つからなかった
ビットバンク株式会社,https://bitcoinbank.co.jp/
PwCコンサルティング合同会社,https://www.pwc.com/jp/ja/about-us/member/consulting.html
株式会社 神戸デジタル・ラボ,URL情報見つからなかった
株式会社ランドスケイプ,https://www.landscape.co.jp/
ディップ株式会社,https://www.dip-net.co.jp/
株式会社ディー・エヌ・エー,http://www.dna-ex.co.jp
大手グローバルファーマ,URL情報見つからなかった
株式会社 テプコシステムズ,URL情報見つからなかった
株式会社Insight,URL情報見つからなかった
株式会社サミーネットワークス,http://www.sammy-net.jp/
ジャスネットコミュニケーションズ株式会社,http://www.jusnet.co.jp
日本気象株式会社,http://n-kishou.com/corp/
株式会社スマートドライブ,https://www.smartdrive.co.jp/
株式会社 トライエッティング,URL情報見つからなかった
株式会社 アイシン,URL情報見つからなかった
株式会社グロービス,https://www.globis.co.jp/
ケイ.イー.シー.株式会社,URL情報見つからなかった
社会福祉法人 善光会,URL情報見つからなかった
カルチュア･コンビニエンス・クラブグループ,URL情報見つからなかった
Laniakea株式会社,https://laniakea-tech.net/
ヤマト運輸株式会社,https://www.kuronekoyamato.co.jp/
株式会社イオン銀行,https://www.aeonbank.co.jp/
ファーストアカウンティング株式会社,http://www.fastaccounting.jp/
トラスコ中山株式会社,http://www.trusco.co.jp/
※社名非公開,URL情報見つからなかった
株式会社 ビースタイル,URL情報見つからなかった
株式会社スタンバイ,URL情報見つからなかった
株式会社エブリー,https://corp.every.tv/
株式会社 ネクサスエージェント,URL情報見つからなかった
アクセル ユニバース株式会社,URL情報見つからなかった
株式会社ジェーピーツーワン,http://www.jp21.com/
株式会社エヌ・ティ・ティ・データ(略称 NTTデータ),URL情報見つからなかった
株式会社 プロトソリューション,URL情報見つからなかった
株式会社フライウィール,https://www.flywheel.jp/
株式会社PTS,URL情報見つからなかった
株式会社インテージヘルスケア,https://www.intage-healthcare.co.jp/
株式会社　ロボケン,URL情報見つからなかった
Master Key株式会社,URL情報見つからなかった
Sansan株式会社,https://jp.corp-sansan.com/
日清食品グループ,URL情報見つからなかった
キャディ株式会社,https://corp.caddi.jp/
株式会社 ベイクルーズ,URL情報見つからなかった
ちゅらデータ株式会社,URL情報見つからなかった
株式会社ローソンデジタルイノベーション,URL情報見つからなかった
旭化成株式会社,URL情報見つからなかった
京セラ株式会社,URL情報見つからなかった
スプリームシステム株式会社,https://www.supreme-system.com/
ヤフー株式会社,https://about.yahoo.co.jp/
株式会社コーボー,http://www.cooboo.co.jp/
株式会社 ステムリム,URL情報見つからなかった
スタイルアクト株式会社,http://www.styleact.co.jp/
株式会社UPDATA,URL情報見つからなかった
マスターキー株式会社,URL情報見つからなかった
オリコン株式会社,http://www.oricon.jp/
株式会社ベネッセコーポレーション,https://www.benesse.co.jp/benesseinfo/
株式会社ビズリンク,https://corp.bizlink.io/
データブリッジ株式会社,http://data-bridge.co.jp
株式会社 ラキール,URL情報見つからなかった
リコーリース株式会社,https://www.r-lease.co.jp/
住友電気工業株式会社,https://www.sei.co.jp/
株式会社アイレップ,https://www.irep.co.jp/
株式会社AIメディカルサービス,https://www.ai-ms.com/
株式会社Laboro.AI,https://laboro.ai/
パーソルキャリア株式会社,URL情報見つからなかった
株式会社 プレアデスセブン,URL情報見つからなかった
株式会社エス・エム・エス,URL情報見つからなかった
株式会社スキルコネクト,URL情報見つからなかった
株式会社RPA NEXT,URL情報見つからなかった
株式会社オプティマインド,URL情報見つからなかった
株式会社アダストリア,URL情報見つからなかった
株式会社トリニアス,URL情報見つからなかった
Supership株式会社,URL情報見つからなかった
株式会社リクルートコミュニケーションズ,URL情報見つからなかった
Tangerine株式会社,URL情報見つからなかった
合同会社DMM.com,URL情報見つからなかった
株式会社 セラク,URL情報見つからなかった
LINE Fukuoka 株式会社,URL情報見つからなかった
株式会社三越伊勢丹システム・ソリューションズ,http://www.ims-sol.co.jp/
モビルス 株式会社,URL情報見つからなかった
TVISIONINSIGHTS株式会社,URL情報見つからなかった
ハイアット・グローバル・コンタクトセンター東京,URL情報見つからなかった
ジーエムラボ株式会社,http://www.gmlabo.co.jp/
JCOM株式会社,URL情報見つからなかった
非公開,URL情報見つからなかった
株式会社日立ハイテク,URL情報見つからなかった
DATUM　STUDIO株式会社,URL情報見つからなかった
AlpacaJapan株式会社,https://www.alpaca.ai/ja/
株式会社タスキ,https://tasukicorp.co.jp/
株式会社VOYAGE GROUP,URL情報見つからなかった
株式会社マイナビ,https://www.mynavi.jp/
株式会社ジャパネットメディアクリエーション,http://corporate.japanet.co.jp/
株式会社無限の始まり,URL情報見つからなかった
ソニーセミコンダクタマニュファクチャリング株式会社,https://www.sony-semiconductor.co.jp/
東証1部上場の求人メディア運営企業[コロナ予防対策・オンライン選考対応],URL情報見つからなかった
TheROOMDoor株式会社,URL情報見つからなかった
テイ・エス テック株式会社,URL情報見つからなかった
アットホーム株式会社,https://athome-inc.jp/
サンディスク株式会社,URL情報見つからなかった
株式会社イオレ,https://www.eole.co.jp/
株式会社メタジェン,https://metagen.co.jp/
Robert Half Japan,URL情報見つからなかった
日本電気株式会社,URL情報見つからなかった
イグニション・ポイント株式会社,URL情報見つからなかった
株式会社フォーク,URL情報見つからなかった
株式会社Senyou,https://senyou.dev/
エヌ・ティ・ティレゾナント株式会社,URL情報見つからなかった
株式会社 UNCOVER TRUTH,URL情報見つからなかった
【NEDO×NVIDIA認定】「匠の技術のAI化」/第四次産業革命を牽引する多国...,URL情報見つからなかった
SBヒューマンキャピタル株式会社,https://www.softbankhc.co.jp/
株式会社ペンシル,https://www.pencil.co.jp/
株式会社MonotaRO,http://www.monotaro.com/
スターバックスコーヒージャパン株式会社,URL情報見つからなかった
クリエイターサポート企業,URL情報見つからなかった
ForeVision株式会社,https://www.forev.co.jp/
AXA GENERAL INSURANCE Co. Ltd,URL情報見つからなかった
株式会社コスミックコーポレーション,https://www.cosmic-jpn.co.jp/
有限責任あずさ監査法人,https://home.kpmg.com/jp/ja/home/about/azsa.html
株式会社データミックス,https://datamix.co.jp/
東証1部上場医療機器メーカー,URL情報見つからなかった
株式会社サンビーム 交通システム部,URL情報見つからなかった
株式会社スタッフサービス　エンジニアガイド,URL情報見つからなかった
データアナリティクスラボ株式会社,URL情報見つからなかった
シミックホールディングス株式会社,URL情報見つからなかった
三井住友カード株式会社,URL情報見つからなかった
IBIS Data株式会社,URL情報見つからなかった
Vareal株式会社,https://www.vareal.co.jp/
東日本電信電話株式会社,URL情報見つからなかった
auコマース&ライフ株式会社,https://www.au-cl.co.jp/
AI CROSS株式会社,https://aicross.co.jp/
株式会社アイデミー,https://aidemy.net/
運営元 株式会社セフティライフ,URL情報見つからなかった
大手日系製薬メーカー,URL情報見つからなかった
準大手証券会社,URL情報見つからなかった
株式会社ハカルス,URL情報見つからなかった
GMOアドパートナーズ株式会社,https://www.gmo-ap.jp/
Vogaro株式会社,http://www.vogaro.co.jp/
外資損保,URL情報見つからなかった
三井住友海上火災保険株式会社,https://www.ms-ins.com/
楽天ペイメント株式会社,https://payment.rakuten.co.jp/
インヴァスト株式会社,https://www.inv.inc/
株式会社KADOKAWA Connected,URL情報見つからなかった
株式会社バンダイナムコネクサス,URL情報見つからなかった
モビルス株式会社,http://mobilus.co.jp/
キヤノンITソリューションズ株式会社,https://www.canon-its.co.jp/
チームラボ株式会社,https://www.team-lab.com/
Wano 株式会社,URL情報見つからなかった
株式会社エスタイル,http://www.estyle-inc.jp/
株式会社CCNグループ,https://ccn-g.co.jp/
株式会社エイチワン,http://www.h1-co.jp/
KDDI株式会社,https://www.kddi.com/
株式会社IKY,https://i-k-y.co.jp/
株式会社RevComm,https://www.revcomm.co.jp/
Accenture,URL情報見つからなかった
日系大手金融機関,URL情報見つからなかった
"シミックホールディングス株式会社/CMIC HOLDINGS Co., Ltd....",URL情報見つからなかった
パーソルエクセルHRパートナーズ株式会社　テクニカルキャリアサポート第二部,URL情報見つからなかった
株式会社　デジタルリンク,URL情報見つからなかった
株式会社A・ヒューマン,http://www.a-human.net
株式会社ALBERT,http://www.albert2005.co.jp/
三菱UFJインフォメーションテクノロジー株式会社,http://www.it.mufg.jp/
徳洲会インフォメーションシステム株式会社,URL情報見つからなかった
Supership株式会社　~KDDIグループ~,URL情報見つからなかった
Nishika(ニシカ) - Nishika株式会社,URL情報見つからなかった
財務アドバイザリーファーム,URL情報見つからなかった
株式会社技術トランスファーサービス,https://www.tectra.jp/
株式会社AVILEN,https://avilen.co.jp/
株式会社 unerry,URL情報見つからなかった
株式会社エイアイ・フィールド,https://www.aifield.jp/
株式会社マイネット,URL情報見つからなかった
株式会社 Sassor,URL情報見つからなかった
株式会社PEーBANK,URL情報見つからなかった
住信SBIネット銀行株式会社,https://www.netbk.co.jp
株式会社 デパート,URL情報見つからなかった
澪標アナリティクス株式会社,http://www.mioana.com/
株式会社キーエンス,https://www.keyence.co.jp/
日鉄ソリューションズ株式会社,https://www.nssol.nipponsteel.com/
銀行系大手証券会社,URL情報見つからなかった
株式会社ジエンブル,URL情報見つからなかった
株式会社東急エージェンシー,http://www.tokyu-agc.co.jp/
株式会社スマートウィル,URL情報見つからなかった
トヨタ自動車九州株式会社,URL情報見つからなかった
インテージグループ,URL情報見つからなかった
パイオニア 株式会社,URL情報見つからなかった
株式会社 モンスター・ラボ,URL情報見つからなかった
株式会社 DX Strategy,URL情報見つからなかった
Supershipグループ,URL情報見つからなかった
株式会社スカイウイル,http://www.skywill.jp
非公開企業,URL情報見つからなかった
日系金融業×小売業,URL情報見つからなかった
株式会社ギックス,http://www.gixo.jp/
ハーベスト株式会社,URL情報見つからなかった
株式会社出前館,https://corporate.demae-can.com/
株式会社ヨドバシリテイルデザイン,https://www.yodobashi.com/
エヌ・ティ・ティ・コムウェア株式会社,https://www.nttcom.co.jp/
株式会社野村総合研究所,https://www.nri.com/jp/
株式会社オプティム,URL情報見つからなかった
株式会社 ARISE analytics,URL情報見つからなかった
PUBG　JAPAN株式会社,URL情報見つからなかった
株式会社KUNO,URL情報見つからなかった
株式会社大和総研,URL情報見つからなかった
※社名非公開【外資系有名 外食企業】,URL情報見つからなかった
株式会社ヴィンクス,https://www.vinx.co.jp/
株式会社アイ・ブロード/140,URL情報見つからなかった
東京都品川区大崎2-10-1,URL情報見つからなかった
コニカミノルタ株式会社,https://www.konicaminolta.com/jp-ja/
株式会社アサイアン,http://www.acyan.jp/
NTTデータ先端技術株式会社,URL情報見つからなかった
株式会社インター・ビュー,https://biz.interbeau.co.jp/
フルカイテン株式会社,https://corp.full-kaiten.com/
株式会社テレビ朝日メディアプレックス,https://www.mediaplex.co.jp/
株式会社ココペリ,https://www.kokopelli-inc.com/
株式会社 BeatFit,URL情報見つからなかった
株式会社クーリエ,URL情報見つからなかった
ボストンコンサルティンググループ,URL情報見つからなかった
外貨ex byGMO株式会社,URL情報見つからなかった
サステナブル・ラボ株式会社,https://suslab.net/
SOMPOリスクマネジメント株式会社,https://www.sompo-rc.co.jp/
急成長中の大手IT企業,URL情報見つからなかった
SBIホールディングス株式会社,URL情報見つからなかった
東芝デジタル&コンサルティング株式会社,URL情報見つからなかった
株式会社 Nextremer,URL情報見つからなかった
日本ビジネスアート株式会社,https://www.jbakk.co.jp/
グローバルキャリアエージェント合同会社,https://www.gc-agent.com/
THECOO株式会社,http://thecoo.co.jp/
negocia 株式会社,URL情報見つからなかった
真欒商事株式会社,URL情報見つからなかった
株式会社 グラフ,URL情報見つからなかった
東大松尾研出身・国内屈指のAIテクノロジー集団企業,URL情報見つからなかった
株式会社テラスカイ,https://www.terrasky.co.jp/
株式会社グローバル・リサーチ,https://www.global-research.co.jp/
社会医療法人緑泉会　米盛病院,URL情報見つからなかった
データビズラボ 株式会社,URL情報見つからなかった
株式会社gumi,https://gu3.co.jp/
TIS株式会社,https://www.tis.co.jp/
ThinkX株式会社,URL情報見つからなかった
テクフリ,URL情報見つからなかった
株式会社True Data,https://www.truedata.co.jp/
三菱重工業株式会社,URL情報見つからなかった
株式会社ロボケン,URL情報見つからなかった
Human　Robot　Analysis株式会社,URL情報見つからなかった
株式会社リンクバル,https://linkbal.co.jp/
三菱自動車工業,URL情報見つからなかった
株式会社テプコシステムズ,http://www.tepsys.co.jp/
株式会社ブレインパッド,https://www.brainpad.co.jp/
株式会社Mobility Technologies,https://mo-t.com/
エムスリー株式会社,URL情報見つからなかった
株式会社データフォーシーズ,https://www.data4cs.co.jp/
TheROOM Door株式会社,URL情報見つからなかった
株式会社ONE,URL情報見つからなかった
BASE株式会社,https://binc.jp/
三菱総研DCS株式会社,http://www.dcs.co.jp
株式会社マスメディアン,http://www.massmedian.com/
株式会社 クニエ,URL情報見つからなかった
グローバルライフサイエンステクノロジーズジャパン株式会社,https://www.cytivalifesciences.co.jp/
株式会社OpenDNA,https://open-dna.jp/
ICI株式会社,https://www.ici-inc.co.jp/index.html
株式会社ロジクロスコミュニケーション,URL情報見つからなかった
株式会社エヌ・ティ・ティ・データ,URL情報見つからなかった
株式会社ビーボ,URL情報見つからなかった
ココン株式会社,https://cocon-corporation.com/
株式会社リクルート,https://www.recruit.co.jp/
株式会社経営共創基盤,https://www.igpi.co.jp/
エイクエント,URL情報見つからなかった
明治安田生命保険相互会社,https://www.meijiyasuda.co.jp/
株式会社EXIDEA,https://exidea.co.jp/
株式会社マイナビワークス(マイナビジョブ20's),URL情報見つからなかった
株式会社 FLUX,URL情報見つからなかった
株式会社エニグモ,https://enigmo.co.jp/
株式会社　ティ・ティ・ワン,URL情報見つからなかった
株式会社オーイーシー,http://www.oec.co.jp
イーピーエス株式会社,https://www.eps.co.jp/ja/
テラスマイル株式会社,https://www.terasuma.jp/
株式会社ゼロマーケティング,URL情報見つからなかった
株式会社IMCF,https://www.imcf-international.com/
田中貴金属グループ,URL情報見つからなかった
株式会社 mediba,URL情報見つからなかった
レバレジーズ株式会社,URL情報見つからなかった
株式会社ORENDA,URL情報見つからなかった
AnyKan株式会社,URL情報見つからなかった
AnyMind Group,URL情報見つからなかった
株式会社セラク,https://www.seraku.co.jp
株式会社フルスピード,https://www.fullspeed.co.jp/
株式会社Proxima　Technology,URL情報見つからなかった
三菱ケミカル株式会社,https://www.m-chemical.co.jp/
株式会社 グロービス,URL情報見つからなかった
株式会社ネクス・ソリューションズ,http://www.ncxx-sl.co.jp/
株式会社n.b.e,http://nbe-japan.com/
自然言語処理に特化したSaaSプロダクト開発/運営企業,URL情報見つからなかった
ROMTEC,URL情報見つからなかった
株式会社 インフキュリオン,URL情報見つからなかった
株式会社クラウディオサステナビリティ,URL情報見つからなかった
東京エレクトロン テクノロジーソリューションズ,URL情報見つからなかった
社名非公開企業,URL情報見つからなかった
LINE Digital Frontier株式会社,https://linecorp.com/ja/company/info
株式会社NTTデータ,URL情報見つからなかった
コグラフ株式会社,URL情報見つからなかった
トヨタファイナンス株式会社,URL情報見つからなかった
株式会社 ボードウォーク,URL情報見つからなかった
株式会社マツリカ,https://mazrica.com/
ライオン株式会社,https://www.lion.co.jp/ja/
東証にも上場している自然言語処理に特化したデータ解析企業,URL情報見つからなかった
DATUM STUDIO株式会社,https://datumstudio.jp/
株式会社プロトソリューション,http://www.protosolution.co.jp/
大手ITコンサルティング会社,URL情報見つからなかった
サスメド株式会社,https://www.susmed.co.jp/
ファーマーズサポート株式会社,https://farmers-s.co.jp/
株式会社エフ・グッド,https://f-good.net/
株式会社モリサワ,http://www.morisawa.co.jp/
株式会社MOLCURE,https://molcure.com/jp/
株式会社LogicLinks,https://www.logiclinks.co.jp/
運営元 株式会社 JoB-up,URL情報見つからなかった
日本最大級会計事務所,URL情報見つからなかった
株式会社日本デイリー通信社,http://www.ndt.co.jp
JOB ID: 33939 ソフトバンク株式会社,URL情報見つからなかった
株式会社 サイバーエージェント,URL情報見つからなかった
インヴァスト 株式会社,URL情報見つからなかった
GMOアドマーケティング(株),URL情報見つからなかった
教育業界リーディングカンパニー,URL情報見つからなかった
セプテーニグループ,URL情報見つからなかった
株式会社 テクノア,URL情報見つからなかった
DATUM STUDIO 株式会社,URL情報見つからなかった
GMOインターネット株式会社,https://www.gmo.jp/
株式会社チェンジ,URL情報見つからなかった
監査法人系セキュリティーコンサルティング会社,URL情報見つからなかった
note株式会社,https://note.jp/
WED株式会社,https://wed.company/
株式会社ボストン・コンサルティング・グループ(DigitalBCG Japan),URL情報見つからなかった
マシンラーニング・ソリューションズ株式会社,URL情報見つからなかった
株式会社VOYAGE　GROUP,URL情報見つからなかった
デジタル・アドバタイジング・コンソーシアム株式会社,https://www.dac.co.jp/
株式会社Anfini,URL情報見つからなかった
データとICTの力による社会課題解決の解決に取り組むデータサービス・データコンサ...,URL情報見つからなかった
株式会社 ベーシック,URL情報見つからなかった
世界をリードする医療情報・テクノロジーサービス企業,URL情報見つからなかった
株式会社スイッチ・メディア・ラボ,URL情報見つからなかった
株式会社Tbook,URL情報見つからなかった
株式会社JapanTechnology　本社,URL情報見つからなかった
ナイトレイ,URL情報見つからなかった
リージョナルキャリア,URL情報見つからなかった
医療法人社団俵IVFクリニック,http://www.tawara-ivf.jp/
大手広告会社,URL情報見つからなかった
株式会社電算,URL情報見つからなかった
医療統計データサービス会社,URL情報見つからなかった
株式会社Pro-SPIRE,https://www.pro-spire.co.jp/
ダイナミックプラス株式会社,https://www.dynamic-plus.com/
アデコグループ,URL情報見つからなかった
株式会社Hakky,URL情報見つからなかった
株式会社リクルートホールディングス,https://recruit-holdings.co.jp/
株式会社OnePile,URL情報見つからなかった
株式会社フィックスターズ,http://www.fixstars.com/
日通システム株式会社,URL情報見つからなかった
エクスチュア株式会社,http://ex-ture.com/
株式会社 G-KIT,URL情報見つからなかった
株式会社エム・シー・アイ,URL情報見つからなかった
水ing株式会社,URL情報見つからなかった
株式会社ビヨンド・ザ・データ,https://beyondthedata.co.jp
日本タタ・コンサルタンシー・サービシズ株式会社,https://www.tcs.com/jp-ja/home
エムスリーデジタルコミュニケーションズ株式会社,http://www.m3dc.co.jp/
スタイルアクト　株式会社,URL情報見つからなかった
トランスコスモス株式会社,URL情報見つからなかった
株式会社ジーユーエヌ,URL情報見つからなかった
株式会社 データフォーシーズ,URL情報見つからなかった
ミネベア株式会社,URL情報見つからなかった
クボタグループ,URL情報見つからなかった
株式会社J Institute,https://j-inst.co.jp/
SREホールディングス株式会社,https://sre-group.co.jp/
GMOあおぞらネット銀行株式会社,https://gmo-aozora.com/
EYストラテジー・アンド・コンサルティング株式会社,URL情報見つからなかった
株式会社ジャパネットホールディングス,http://www.japanet.co.jp/shopping/jh/
マイナビクリエイター,URL情報見つからなかった
株式会社ヒューガン,https://www.hugan.co.jp/
クリプトン・フューチャー・メディア株式会社,http://www.crypton.co.jp/
Johnson & Johnson Family of Companies,URL情報見つからなかった
Ridgelinez株式会社,URL情報見つからなかった
株式会社分析屋,https://analytics-jp.com/
株式会社フィスコ,http://www.fisco.co.jp/
株式会社ロッキング・オン・ホールディングス,URL情報見つからなかった
株式会社 アムタス,URL情報見つからなかった
アンテロープ,URL情報見つからなかった
スズキ株式会社,URL情報見つからなかった
株式会社ABEJA,https://abejainc.com/ja/
株式会社キャピタルメディカ,http://capimedi.com/
技研商事インターナショナル株式会社,http://www.giken.co.jp/
レバテックフリーランス,URL情報見つからなかった
資生堂インタラクティブビューティー株式会社,https://www.shiseidointeractive.com/ja/
リクルートテクノロジーズ,URL情報見つからなかった
株式会社アットリーフ 東京オフィス,URL情報見つからなかった
コニカミノルタ株式会社(東証一部上場),URL情報見つからなかった
株式会社電通テック,https://www.dentsutec.co.jp
株式会社ニコン,https://www.nikon.co.jp/
製造業向け総合エンジニアリング企業,URL情報見つからなかった
中期的に良質な分散投資が実践できる投資信託を中心に大幅に運用額を伸ばしている大手...,URL情報見つからなかった
キュースクエア・テクノロジーズ株式会社,URL情報見つからなかった
株式会社CINC,https://www.cinc-j.co.jp/
パーソルプロセス&テクノロジー株式会社,https://www.persol-pt.co.jp/
株式会社POL,https://pol.co.jp/
日本エヌ・ユー・エス株式会社,http://www.janus.co.jp/
勤次郎　株式会社,URL情報見つからなかった
住友化学株式会社,https://www.sumitomo-chem.co.jp/
株式会社JDSC,URL情報見つからなかった
株式会社 リクルート,URL情報見つからなかった
インフラ分野を中心にAI テクノロジーを提供する企業,URL情報見つからなかった
株式会社シイエヌエス,http://www.cns.co.jp/
